// Generated from analysis/final_correlation/d400_correlation_combined.csv
// Source: d400_correlation 3.csv, stage: rpm_idle, first 3000 ms, OBD 0x7E8 excluded.
// This preserves real payload counters/checksums for cluster bench bring-up.

static const BenchSequenceFrameDef BENCH_SEQUENCE_IDLE_REAL[] PROGMEM = {
  {0, 0x301, 8, {0x2B, 0x00, 0x00, 0x1D, 0x01, 0xD8, 0x01, 0xBA}},
  {0, 0x542, 8, {0x7B, 0x2C, 0x80, 0x1C, 0x15, 0xC9, 0x80, 0x00}},
  {1, 0x302, 8, {0x8C, 0xE8, 0x01, 0x69, 0x8C, 0x19, 0x33, 0x06}},
  {4, 0x12B, 8, {0x00, 0x00, 0x00, 0x00, 0x10, 0x00, 0x00, 0x00}},
  {8, 0x301, 8, {0x2B, 0x00, 0x00, 0x1D, 0x01, 0xDC, 0x01, 0xBA}},
  {8, 0x310, 8, {0x00, 0x00, 0x2F, 0x00, 0x0F, 0x0F, 0x40, 0x00}},
  {9, 0x312, 8, {0x48, 0xE7, 0x2B, 0x2B, 0xFF, 0xFF, 0xF0, 0x00}},
  {9, 0x540, 8, {0x15, 0x00, 0x80, 0x00, 0x7E, 0x33, 0x00, 0x00}},
  {13, 0x302, 8, {0x8C, 0xE8, 0x01, 0x6C, 0x8C, 0x19, 0x33, 0x06}},
  {13, 0x12B, 8, {0x00, 0x00, 0x00, 0x00, 0x10, 0x00, 0x00, 0x00}},
  {18, 0x301, 8, {0x2B, 0x00, 0x00, 0x1D, 0x01, 0xDC, 0x01, 0xBA}},
  {18, 0x310, 8, {0x00, 0x00, 0x30, 0x00, 0x0F, 0x0F, 0x40, 0x00}},
  {19, 0x311, 8, {0x03, 0xFD, 0x04, 0x08, 0x01, 0x68, 0x00, 0x00}},
  {19, 0x314, 5, {0xAC, 0x00, 0x19, 0x1A, 0xE0, 0x00, 0x00, 0x00}},
  {20, 0x540, 8, {0x15, 0x00, 0x80, 0x00, 0x7E, 0x33, 0x00, 0x00}},
  {20, 0x302, 8, {0x8C, 0xE8, 0x01, 0x6C, 0x8C, 0x19, 0x33, 0x06}},
  {24, 0x12B, 8, {0x00, 0x00, 0x00, 0x00, 0x10, 0x00, 0x00, 0x00}},
  {27, 0x301, 8, {0x2B, 0x00, 0x00, 0x1D, 0x01, 0xDE, 0x01, 0xBA}},
  {27, 0x302, 8, {0x8C, 0xE8, 0x01, 0x6D, 0x8C, 0x19, 0x33, 0x06}},
  {28, 0x303, 8, {0x00, 0x89, 0x8F, 0x8F, 0x26, 0x00, 0x00, 0x80}},
  {28, 0x304, 8, {0x38, 0x10, 0x80, 0x00, 0x80, 0x00, 0x00, 0x00}},
  {28, 0x310, 8, {0x00, 0x00, 0x2F, 0x00, 0x0F, 0x0F, 0x40, 0x00}},
  {29, 0x311, 8, {0x03, 0xFD, 0x04, 0x08, 0x01, 0x68, 0x00, 0x00}},
  {29, 0x313, 8, {0x00, 0x00, 0x2B, 0x5E, 0xFF, 0xFF, 0x00, 0x00}},
  {29, 0x540, 8, {0x15, 0x00, 0x80, 0x00, 0x7E, 0x33, 0x00, 0x00}},
  {30, 0x312, 8, {0x48, 0xE6, 0x2B, 0x5E, 0xFF, 0xFF, 0xF0, 0x00}},
  {35, 0x12B, 8, {0x00, 0x00, 0x00, 0x00, 0x10, 0x00, 0x00, 0x00}},
  {38, 0x301, 8, {0x2A, 0x00, 0x00, 0x1D, 0x01, 0xDE, 0x01, 0xBA}},
  {38, 0x302, 8, {0x8C, 0xE8, 0x01, 0x6D, 0x8C, 0x19, 0x33, 0x06}},
  {38, 0x310, 8, {0x00, 0x00, 0x31, 0x00, 0x0F, 0x0F, 0x40, 0x00}},
  {39, 0x312, 8, {0x48, 0xE6, 0x2B, 0x5E, 0xFF, 0xFF, 0x70, 0x00}},
  {39, 0x314, 5, {0xAC, 0x00, 0x19, 0x1A, 0xE0, 0x00, 0x00, 0x00}},
  {102, 0x542, 8, {0x7B, 0x44, 0x80, 0x1C, 0x15, 0xC9, 0x80, 0x00}},
  {102, 0x313, 8, {0x00, 0x00, 0x2B, 0x5E, 0xFF, 0xFF, 0x00, 0x00}},
  {103, 0x12B, 8, {0x00, 0x00, 0x00, 0x00, 0x10, 0x00, 0x00, 0x00}},
  {108, 0x301, 8, {0x2A, 0x00, 0x00, 0x1E, 0x01, 0xE6, 0x01, 0xBA}},
  {108, 0x311, 8, {0x03, 0xFE, 0x04, 0x08, 0x01, 0x68, 0x00, 0x00}},
  {108, 0x310, 8, {0x00, 0x00, 0x30, 0x00, 0x0F, 0x0F, 0x40, 0x00}},
  {109, 0x312, 8, {0x48, 0xE4, 0x2C, 0x09, 0xFF, 0xFF, 0xF0, 0x00}},
  {109, 0x302, 8, {0x8C, 0xE8, 0x01, 0x74, 0x8C, 0x19, 0x33, 0x25}},
  {109, 0x540, 8, {0x15, 0x00, 0x80, 0x01, 0x7E, 0x33, 0x00, 0x00}},
  {113, 0x542, 8, {0x7B, 0x6E, 0x80, 0x1C, 0x15, 0xC9, 0x80, 0x00}},
  {113, 0x12B, 8, {0x00, 0x00, 0x00, 0x00, 0x10, 0x00, 0x00, 0x00}},
  {118, 0x301, 8, {0x2A, 0x00, 0x00, 0x1E, 0x01, 0xEB, 0x01, 0xBA}},
  {118, 0x302, 8, {0x8C, 0xE8, 0x01, 0x77, 0x8C, 0x19, 0x33, 0xA0}},
  {118, 0x310, 8, {0x00, 0x00, 0x2F, 0x00, 0x0F, 0x0F, 0x40, 0x00}},
  {119, 0x312, 8, {0x48, 0xE4, 0x2C, 0x5D, 0xFF, 0xFF, 0x70, 0x00}},
  {119, 0x313, 8, {0x00, 0x00, 0x2C, 0x5D, 0xFF, 0xFF, 0x00, 0x00}},
  {119, 0x311, 8, {0x03, 0xFE, 0x04, 0x08, 0x01, 0x68, 0x00, 0x00}},
  {120, 0x540, 8, {0x15, 0x00, 0x80, 0x01, 0x7E, 0x33, 0x00, 0x00}},
  {120, 0x542, 8, {0x7B, 0x74, 0x80, 0x1D, 0x15, 0xC9, 0x80, 0x00}},
  {124, 0x12B, 8, {0x00, 0x00, 0x00, 0x00, 0x10, 0x00, 0x00, 0x00}},
  {128, 0x301, 8, {0x2A, 0x00, 0x00, 0x1E, 0x01, 0xEB, 0x01, 0xBA}},
  {128, 0x302, 8, {0x8C, 0xE8, 0x01, 0x77, 0x8C, 0x19, 0x33, 0xA0}},
  {128, 0x310, 8, {0x00, 0x00, 0x2F, 0x00, 0x0F, 0x0F, 0x40, 0x00}},
  {129, 0x312, 8, {0x48, 0xE4, 0x2C, 0x5D, 0xFF, 0xFF, 0xF0, 0x00}},
  {129, 0x313, 8, {0x00, 0x00, 0x2C, 0x5D, 0xFF, 0xFF, 0x00, 0x00}},
  {129, 0x311, 8, {0x03, 0xFE, 0x04, 0x08, 0x01, 0x68, 0x00, 0x00}},
  {130, 0x542, 8, {0x7B, 0x7A, 0x80, 0x1D, 0x15, 0xC9, 0x80, 0x00}},
  {134, 0x12B, 8, {0x00, 0x00, 0x00, 0x00, 0x10, 0x00, 0x00, 0x00}},
  {138, 0x301, 8, {0x2A, 0x00, 0x00, 0x1E, 0x01, 0xEA, 0x01, 0xBA}},
  {138, 0x302, 8, {0x8C, 0xE8, 0x01, 0x77, 0x8C, 0x19, 0x33, 0xA0}},
  {138, 0x310, 8, {0x00, 0x00, 0x2F, 0x00, 0x0F, 0x0F, 0x40, 0x00}},
  {139, 0x312, 8, {0x48, 0xE3, 0x2C, 0x30, 0xFF, 0xFF, 0x70, 0x00}},
  {139, 0x313, 8, {0x00, 0x00, 0x2C, 0x30, 0xFF, 0xFF, 0x00, 0x00}},
  {139, 0x311, 8, {0x03, 0xFF, 0x04, 0x08, 0x01, 0x67, 0x00, 0x00}},
  {140, 0x540, 8, {0x15, 0x00, 0x80, 0x01, 0x7E, 0x33, 0x00, 0x00}},
  {140, 0x542, 8, {0x7B, 0x80, 0x80, 0x1D, 0x15, 0xC9, 0x80, 0x00}},
  {144, 0x12B, 8, {0x00, 0x00, 0x00, 0x00, 0x10, 0x00, 0x00, 0x00}},
  {148, 0x301, 8, {0x2A, 0x00, 0x00, 0x1E, 0x01, 0xEA, 0x01, 0xBA}},
  {148, 0x302, 8, {0x8C, 0xE8, 0x01, 0x77, 0x8C, 0x19, 0x33, 0xA0}},
  {203, 0x311, 8, {0x03, 0xFF, 0x04, 0x08, 0x01, 0x67, 0x00, 0x00}},
  {203, 0x310, 8, {0x00, 0x00, 0x31, 0x00, 0x0F, 0x0F, 0x40, 0x00}},
  {208, 0x301, 8, {0x2A, 0x00, 0x00, 0x1E, 0x01, 0xEC, 0x01, 0xBA}},
  {208, 0x302, 8, {0x8C, 0xE8, 0x01, 0x78, 0x8C, 0x19, 0x33, 0x82}},
  {208, 0x310, 8, {0x00, 0x00, 0x2F, 0x00, 0x0F, 0x0F, 0x40, 0x00}},
  {209, 0x312, 8, {0x48, 0xE2, 0x2C, 0x5F, 0xFF, 0xFF, 0xF0, 0x00}},
  {209, 0x313, 8, {0x00, 0x00, 0x2C, 0x5F, 0xFF, 0xFF, 0x00, 0x00}},
  {209, 0x540, 8, {0x15, 0x00, 0x80, 0x00, 0x7E, 0x33, 0x00, 0x00}},
  {210, 0x311, 8, {0x04, 0x00, 0x04, 0x08, 0x01, 0x67, 0x00, 0x00}},
  {214, 0x12B, 8, {0x00, 0x00, 0x00, 0x00, 0x10, 0x00, 0x00, 0x00}},
  {218, 0x301, 8, {0x2A, 0x00, 0x00, 0x1E, 0x01, 0xEC, 0x01, 0xBA}},
  {218, 0x302, 8, {0x8C, 0xE8, 0x01, 0x78, 0x8C, 0x19, 0x33, 0x82}},
  {218, 0x310, 8, {0x00, 0x00, 0x2F, 0x00, 0x0F, 0x0F, 0x40, 0x00}},
  {219, 0x312, 8, {0x48, 0xE2, 0x2C, 0x5F, 0xFF, 0xFF, 0x70, 0x00}},
  {219, 0x313, 8, {0x00, 0x00, 0x2C, 0x5F, 0xFF, 0xFF, 0x00, 0x00}},
  {219, 0x311, 8, {0x04, 0x00, 0x04, 0x08, 0x01, 0x67, 0x00, 0x00}},
  {220, 0x540, 8, {0x15, 0x00, 0x80, 0x00, 0x7E, 0x33, 0x00, 0x00}},
  {220, 0x542, 8, {0x7B, 0xB0, 0x80, 0x1D, 0x15, 0xC9, 0x80, 0x00}},
  {224, 0x12B, 8, {0x00, 0x00, 0x00, 0x00, 0x10, 0x00, 0x00, 0x00}},
  {228, 0x301, 8, {0x2A, 0x00, 0x00, 0x1E, 0x01, 0xEB, 0x01, 0xBA}},
  {228, 0x302, 8, {0x8C, 0xE8, 0x01, 0x77, 0x8C, 0x19, 0x33, 0x82}},
  {228, 0x304, 8, {0x38, 0x10, 0x80, 0x00, 0x80, 0x00, 0x00, 0x00}},
  {229, 0x30C, 2, {0x00, 0x00, 0x00, 0x00, 0x00, 0x00, 0x00, 0x00}},
  {229, 0x312, 8, {0x48, 0xE2, 0x2C, 0x4A, 0xFF, 0xFF, 0xF0, 0x00}},
  {230, 0x540, 8, {0x15, 0x00, 0x80, 0x00, 0x7E, 0x33, 0x00, 0x00}},
  {229, 0x310, 8, {0x00, 0x00, 0x2F, 0x00, 0x0F, 0x0F, 0x40, 0x00}},
  {230, 0x542, 8, {0x7B, 0xB6, 0x80, 0x1D, 0x15, 0xC9, 0x80, 0x00}},
  {230, 0x313, 8, {0x00, 0x00, 0x2C, 0x4A, 0xFF, 0xFF, 0x00, 0x00}},
  {234, 0x12B, 8, {0x00, 0x00, 0x00, 0x00, 0x10, 0x00, 0x00, 0x00}},
  {238, 0x301, 8, {0x2A, 0x00, 0x00, 0x1E, 0x01, 0xEA, 0x01, 0xBA}},
  {238, 0x30C, 2, {0x00, 0x00, 0x00, 0x00, 0x00, 0x00, 0x00, 0x00}},
  {238, 0x310, 8, {0x00, 0x00, 0x30, 0x00, 0x0F, 0x0F, 0x40, 0x00}},
  {239, 0x311, 8, {0x04, 0x00, 0x04, 0x08, 0x01, 0x68, 0x00, 0x00}},
  {239, 0x302, 8, {0x8C, 0xE8, 0x01, 0x77, 0x8C, 0x19, 0x33, 0x82}},
  {239, 0x313, 8, {0x00, 0x00, 0x2C, 0x1F, 0xFF, 0xFF, 0x00, 0x00}},
  {240, 0x540, 8, {0x15, 0x00, 0x80, 0x00, 0x7E, 0x33, 0x00, 0x00}},
  {240, 0x314, 5, {0xAC, 0x00, 0x1A, 0x1A, 0xE0, 0x00, 0x00, 0x00}},
  {244, 0x12B, 8, {0x00, 0x00, 0x00, 0x00, 0x10, 0x00, 0x00, 0x00}},
  {248, 0x301, 8, {0x2A, 0x00, 0x00, 0x1E, 0x01, 0xEA, 0x01, 0xBA}},
  {305, 0x302, 8, {0x8C, 0xE8, 0x01, 0x77, 0x8C, 0x19, 0x33, 0x82}},
  {305, 0x310, 8, {0x00, 0x00, 0x31, 0x00, 0x0F, 0x0F, 0x40, 0x00}},
  {308, 0x301, 8, {0x2A, 0x00, 0x00, 0x1D, 0x01, 0xE5, 0x01, 0xBA}},
  {308, 0x30C, 2, {0x00, 0x00, 0x00, 0x00, 0x00, 0x00, 0x00, 0x00}},
  {308, 0x310, 8, {0x00, 0x00, 0x30, 0x00, 0x0F, 0x0F, 0x40, 0x00}},
  {309, 0x302, 8, {0x8C, 0xE8, 0x01, 0x73, 0x8C, 0x19, 0x33, 0xFD}},
  {309, 0x312, 8, {0x48, 0xE3, 0x2B, 0xB5, 0xFF, 0xFF, 0xF0, 0x00}},
  {309, 0x540, 8, {0x15, 0x00, 0x80, 0x00, 0x7E, 0x33, 0x00, 0x00}},
  {310, 0x542, 8, {0x7B, 0xE6, 0x80, 0x1D, 0x15, 0xC9, 0x80, 0x00}},
  {310, 0x313, 8, {0x00, 0x00, 0x2B, 0xB5, 0xFF, 0xFF, 0x00, 0x00}},
  {314, 0x12B, 8, {0x00, 0x00, 0x00, 0x00, 0x10, 0x00, 0x00, 0x00}},
  {318, 0x301, 8, {0x2A, 0x00, 0x00, 0x1D, 0x01, 0xE5, 0x01, 0xBA}},
  {318, 0x302, 8, {0x8C, 0xE8, 0x01, 0x73, 0x8C, 0x19, 0x33, 0xFD}},
  {318, 0x310, 8, {0x00, 0x00, 0x2F, 0x00, 0x0F, 0x0F, 0x40, 0x00}},
  {319, 0x312, 8, {0x48, 0xE3, 0x2B, 0xB5, 0xFF, 0xFF, 0x70, 0x00}},
  {319, 0x313, 8, {0x00, 0x00, 0x2B, 0xB5, 0xFF, 0xFF, 0x00, 0x00}},
  {319, 0x311, 8, {0x04, 0x01, 0x04, 0x08, 0x01, 0x68, 0x00, 0x00}},
  {320, 0x540, 8, {0x15, 0x00, 0x80, 0x00, 0x7E, 0x33, 0x00, 0x00}},
  {320, 0x542, 8, {0x7B, 0xEC, 0x80, 0x1D, 0x15, 0xC9, 0x80, 0x00}},
  {324, 0x12B, 8, {0x00, 0x00, 0x00, 0x00, 0x10, 0x00, 0x00, 0x00}},
  {328, 0x301, 8, {0x2A, 0x00, 0x00, 0x1D, 0x01, 0xE5, 0x01, 0xBA}},
  {328, 0x302, 8, {0x8C, 0xE8, 0x01, 0x73, 0x8C, 0x19, 0x33, 0x82}},
  {328, 0x310, 8, {0x00, 0x00, 0x2F, 0x00, 0x0F, 0x0F, 0x40, 0x00}},
  {329, 0x312, 8, {0x48, 0xE4, 0x2B, 0x9F, 0xFF, 0xFF, 0xF0, 0x00}},
  {329, 0x313, 8, {0x00, 0x00, 0x2B, 0x9F, 0xFF, 0xFF, 0x00, 0x00}},
  {329, 0x540, 8, {0x15, 0x00, 0x80, 0x00, 0x7E, 0x33, 0x00, 0x00}},
  {330, 0x311, 8, {0x04, 0x01, 0x04, 0x08, 0x01, 0x68, 0x00, 0x00}},
  {334, 0x12B, 8, {0x00, 0x00, 0x00, 0x00, 0x10, 0x00, 0x00, 0x00}},
  {338, 0x301, 8, {0x2A, 0x00, 0x00, 0x1D, 0x01, 0xE5, 0x01, 0xBA}},
  {338, 0x302, 8, {0x8C, 0xE8, 0x01, 0x73, 0x8C, 0x19, 0x33, 0x82}},
  {338, 0x310, 8, {0x00, 0x00, 0x31, 0x00, 0x0F, 0x0F, 0x40, 0x00}},
  {339, 0x312, 8, {0x48, 0xE4, 0x2B, 0x9F, 0xFF, 0xFF, 0x70, 0x00}},
  {339, 0x313, 8, {0x00, 0x00, 0x2B, 0x9F, 0xFF, 0xFF, 0x00, 0x00}},
  {339, 0x311, 8, {0x04, 0x01, 0x04, 0x08, 0x01, 0x68, 0x00, 0x00}},
  {340, 0x500, 8, {0x00, 0x00, 0x00, 0x00, 0x00, 0x00, 0x00, 0x00}},
  {340, 0x542, 8, {0x7B, 0xF8, 0x80, 0x1D, 0x15, 0xC9, 0x80, 0x00}},
  {340, 0x540, 8, {0x15, 0x00, 0x80, 0x00, 0x7E, 0x33, 0x00, 0x00}},
  {344, 0x12B, 8, {0x00, 0x00, 0x00, 0x00, 0x10, 0x00, 0x00, 0x00}},
  {348, 0x301, 8, {0x2A, 0x00, 0x00, 0x1D, 0x01, 0xE5, 0x01, 0xBA}},
  {547, 0x302, 8, {0x8C, 0xE8, 0x01, 0x73, 0x8C, 0x19, 0x33, 0x82}},
  {548, 0x301, 8, {0x2A, 0x00, 0x00, 0x1E, 0x01, 0xE0, 0x01, 0xBA}},
  {547, 0x310, 8, {0x00, 0x00, 0x2F, 0x00, 0x0F, 0x0F, 0x40, 0x00}},
  {548, 0x303, 8, {0x00, 0x89, 0x8F, 0x8F, 0xA0, 0x00, 0x00, 0x80}},
  {548, 0x30C, 2, {0x00, 0x00, 0x00, 0x00, 0x00, 0x00, 0x00, 0x00}},
  {548, 0x310, 8, {0x00, 0x00, 0x2F, 0x00, 0x0F, 0x0F, 0x40, 0x00}},
  {549, 0x311, 8, {0x04, 0x04, 0x04, 0x08, 0x01, 0x68, 0x00, 0x00}},
  {549, 0x302, 8, {0x8C, 0xE9, 0x01, 0x6F, 0x8C, 0x19, 0x33, 0xDE}},
  {549, 0x313, 8, {0x00, 0x00, 0x2C, 0x35, 0xFF, 0xFF, 0x00, 0x00}},
  {550, 0x540, 8, {0x15, 0x00, 0x80, 0x00, 0x7E, 0x33, 0x00, 0x00}},
  {550, 0x542, 8, {0x78, 0xFC, 0x80, 0x1D, 0x15, 0xC9, 0x80, 0x00}},
  {550, 0x315, 8, {0x00, 0x00, 0x66, 0x00, 0x00, 0x00, 0x00, 0x00}},
  {554, 0x12B, 8, {0x00, 0x00, 0x00, 0x00, 0x10, 0x00, 0x00, 0x00}},
  {558, 0x301, 8, {0x2A, 0x00, 0x00, 0x1E, 0x01, 0xDF, 0x01, 0xBA}},
  {558, 0x30C, 2, {0x00, 0x00, 0x00, 0x00, 0x00, 0x00, 0x00, 0x00}},
  {558, 0x302, 8, {0x8C, 0xE9, 0x01, 0x6E, 0x8C, 0x19, 0x33, 0xDE}},
  {559, 0x311, 8, {0x04, 0x05, 0x04, 0x08, 0x01, 0x68, 0x00, 0x00}},
  {559, 0x313, 8, {0x00, 0x00, 0x2C, 0x20, 0xFF, 0xFF, 0x00, 0x00}},
  {559, 0x314, 5, {0xAC, 0x00, 0x1B, 0x1A, 0xE0, 0x00, 0x00, 0x00}},
  {560, 0x312, 8, {0x48, 0xE4, 0x2C, 0x20, 0xFF, 0xFF, 0x50, 0x00}},
  {560, 0x542, 8, {0x78, 0xF6, 0x80, 0x1D, 0x15, 0xC9, 0x80, 0x00}},
  {564, 0x12B, 8, {0x00, 0x00, 0x00, 0x00, 0x10, 0x00, 0x00, 0x00}},
  {568, 0x301, 8, {0x2A, 0x00, 0x00, 0x1E, 0x01, 0xDF, 0x01, 0xBA}},
  {568, 0x30C, 2, {0x00, 0x00, 0x00, 0x00, 0x00, 0x00, 0x00, 0x00}},
  {568, 0x302, 8, {0x8C, 0xE9, 0x01, 0x6E, 0x8C, 0x19, 0x33, 0xDE}},
  {569, 0x311, 8, {0x04, 0x05, 0x04, 0x08, 0x01, 0x68, 0x00, 0x00}},
  {569, 0x313, 8, {0x00, 0x00, 0x2C, 0x20, 0xFF, 0xFF, 0x00, 0x00}},
  {569, 0x540, 8, {0x15, 0x00, 0x80, 0x01, 0x7E, 0x33, 0x00, 0x00}},
  {570, 0x542, 8, {0x78, 0xF0, 0x80, 0x1D, 0x15, 0xC9, 0x80, 0x00}},
  {570, 0x312, 8, {0x48, 0xE4, 0x2C, 0x20, 0xFF, 0xFF, 0xD0, 0x00}},
  {574, 0x12B, 8, {0x00, 0x00, 0x00, 0x00, 0x10, 0x00, 0x00, 0x00}},
  {578, 0x301, 8, {0x2A, 0x00, 0x00, 0x1E, 0x01, 0xDF, 0x01, 0xBA}},
  {578, 0x302, 8, {0x8C, 0xE9, 0x01, 0x6E, 0x8C, 0x19, 0x33, 0xDE}},
  {578, 0x310, 8, {0x00, 0x00, 0x30, 0x00, 0x0F, 0x0F, 0x40, 0x00}},
  {579, 0x312, 8, {0x48, 0xE4, 0x2C, 0x1F, 0xFF, 0xFF, 0x50, 0x00}},
  {579, 0x313, 8, {0x00, 0x00, 0x2C, 0x1F, 0xFF, 0xFF, 0x00, 0x00}},
  {579, 0x311, 8, {0x04, 0x05, 0x04, 0x08, 0x01, 0x68, 0x00, 0x00}},
  {580, 0x540, 8, {0x15, 0x00, 0x80, 0x00, 0x7E, 0x33, 0x00, 0x00}},
  {580, 0x542, 8, {0x78, 0xEA, 0x80, 0x1D, 0x15, 0xC9, 0x80, 0x00}},
  {641, 0x12B, 8, {0x00, 0x00, 0x00, 0x00, 0x10, 0x00, 0x00, 0x00}},
  {642, 0x447, 8, {0x00, 0x02, 0xBA, 0xA3, 0x00, 0x00, 0x54, 0x38}},
  {644, 0x12B, 8, {0x00, 0x00, 0x00, 0x00, 0x10, 0x00, 0x00, 0x00}},
  {648, 0x301, 8, {0x29, 0x00, 0x00, 0x1E, 0x01, 0xE4, 0x01, 0xBA}},
  {648, 0x30C, 2, {0x00, 0x00, 0x00, 0x00, 0x00, 0x00, 0x00, 0x00}},
  {648, 0x302, 8, {0x8C, 0xE9, 0x01, 0x72, 0x8C, 0x19, 0x33, 0xBF}},
  {649, 0x311, 8, {0x04, 0x06, 0x04, 0x08, 0x01, 0x67, 0x00, 0x00}},
  {649, 0x313, 8, {0x00, 0x00, 0x2C, 0x98, 0xFF, 0xFF, 0x00, 0x00}},
  {649, 0x315, 8, {0x00, 0x00, 0x66, 0x00, 0x00, 0x00, 0x00, 0x00}},
  {650, 0x540, 8, {0x15, 0x00, 0x80, 0x01, 0x7E, 0x33, 0x00, 0x00}},
  {650, 0x312, 8, {0x48, 0xE4, 0x2C, 0x98, 0xFF, 0xFF, 0xD0, 0x00}},
  {654, 0x12B, 8, {0x00, 0x00, 0x00, 0x00, 0x10, 0x00, 0x00, 0x00}},
  {658, 0x301, 8, {0x2A, 0x00, 0x00, 0x1E, 0x01, 0xE4, 0x01, 0xBA}},
  {658, 0x30C, 2, {0x00, 0x00, 0x00, 0x00, 0x00, 0x00, 0x00, 0x00}},
  {658, 0x302, 8, {0x8C, 0xE9, 0x01, 0x72, 0x8C, 0x19, 0x33, 0xBF}},
  {659, 0x311, 8, {0x04, 0x06, 0x04, 0x08, 0x01, 0x67, 0x00, 0x00}},
  {659, 0x313, 8, {0x00, 0x00, 0x2C, 0x98, 0xFF, 0xFF, 0x00, 0x00}},
  {659, 0x312, 8, {0x48, 0xE3, 0x2C, 0x98, 0xFF, 0xFF, 0xD0, 0x00}},
  {660, 0x500, 8, {0x00, 0x00, 0x00, 0x00, 0x00, 0x00, 0x00, 0x00}},
  {660, 0x542, 8, {0x78, 0xBA, 0x80, 0x1D, 0x15, 0xC9, 0x80, 0x00}},
  {660, 0x540, 8, {0x15, 0x00, 0x80, 0x00, 0x7E, 0x33, 0x00, 0x00}},
  {664, 0x12B, 8, {0x00, 0x00, 0x00, 0x00, 0x10, 0x00, 0x00, 0x00}},
  {664, 0x448, 8, {0x08, 0x35, 0xF9, 0x01, 0x05, 0x3B, 0x0A, 0xA3}},
  {668, 0x301, 8, {0x2A, 0x00, 0x00, 0x1E, 0x01, 0xE1, 0x01, 0xBA}},
  {668, 0x30C, 2, {0x00, 0x00, 0x00, 0x00, 0x00, 0x00, 0x00, 0x00}},
  {668, 0x302, 8, {0x8C, 0xE9, 0x01, 0x70, 0x8C, 0x19, 0x33, 0xBF}},
  {669, 0x311, 8, {0x04, 0x06, 0x04, 0x08, 0x01, 0x67, 0x00, 0x00}},
  {669, 0x313, 8, {0x00, 0x00, 0x2C, 0x5F, 0xFF, 0xFF, 0x00, 0x00}},
  {669, 0x540, 8, {0x15, 0x00, 0x80, 0x00, 0x7E, 0x33, 0x00, 0x00}},
  {670, 0x312, 8, {0x48, 0xE3, 0x2C, 0x5F, 0xFF, 0xFF, 0x50, 0x00}},
  {674, 0x12B, 8, {0x00, 0x00, 0x00, 0x00, 0x10, 0x00, 0x00, 0x00}},
  {678, 0x301, 8, {0x2A, 0x00, 0x00, 0x1E, 0x01, 0xE1, 0x01, 0xBA}},
  {678, 0x30C, 2, {0x00, 0x00, 0x00, 0x00, 0x00, 0x00, 0x00, 0x00}},
  {678, 0x302, 8, {0x8C, 0xE9, 0x01, 0x70, 0x8C, 0x19, 0x33, 0xBF}},
  {679, 0x311, 8, {0x04, 0x06, 0x04, 0x08, 0x01, 0x67, 0x00, 0x00}},
  {679, 0x313, 8, {0x00, 0x00, 0x2C, 0x5F, 0xFF, 0xFF, 0x00, 0x00}},
  {679, 0x314, 5, {0xAC, 0x00, 0x1C, 0x1A, 0xE0, 0x00, 0x00, 0x00}},
  {679, 0x312, 8, {0x48, 0xE3, 0x2C, 0x5F, 0xFF, 0xFF, 0xD0, 0x00}},
  {680, 0x542, 8, {0x78, 0xAE, 0x80, 0x1D, 0x15, 0xC9, 0x80, 0x00}},
  {684, 0x12B, 8, {0x00, 0x00, 0x00, 0x00, 0x10, 0x00, 0x00, 0x00}},
  {740, 0x447, 8, {0x00, 0x02, 0xBA, 0xA3, 0x00, 0x00, 0x54, 0x38}},
  {741, 0x301, 8, {0x2A, 0x00, 0x00, 0x1E, 0x01, 0xE4, 0x01, 0xBA}},
  {744, 0x12B, 8, {0x00, 0x00, 0x00, 0x00, 0x10, 0x00, 0x00, 0x00}},
  {748, 0x301, 8, {0x2A, 0x00, 0x00, 0x1E, 0x01, 0xDD, 0x01, 0xBA}},
  {748, 0x30C, 2, {0x00, 0x00, 0x00, 0x00, 0x00, 0x00, 0x00, 0x00}},
  {748, 0x302, 8, {0x8C, 0xE9, 0x01, 0x6D, 0x8C, 0x19, 0x34, 0x1C}},
  {749, 0x311, 8, {0x04, 0x07, 0x04, 0x08, 0x01, 0x68, 0x00, 0x00}},
  {749, 0x313, 8, {0x00, 0x00, 0x2C, 0x1F, 0xFF, 0xFF, 0x00, 0x00}},
  {749, 0x315, 8, {0x00, 0x00, 0x66, 0x00, 0x00, 0x00, 0x00, 0x00}},
  {750, 0x540, 8, {0x15, 0x00, 0x80, 0x00, 0x7E, 0x33, 0x00, 0x00}},
  {750, 0x312, 8, {0x48, 0xE4, 0x2C, 0x1F, 0xFF, 0xFF, 0x50, 0x00}},
  {754, 0x12B, 8, {0x00, 0x00, 0x00, 0x00, 0x10, 0x00, 0x00, 0x00}},
  {758, 0x301, 8, {0x2A, 0x00, 0x00, 0x1E, 0x01, 0xDC, 0x01, 0xBA}},
  {758, 0x30C, 2, {0x00, 0x00, 0x00, 0x00, 0x00, 0x00, 0x00, 0x00}},
  {758, 0x311, 8, {0x04, 0x07, 0x04, 0x08, 0x01, 0x68, 0x00, 0x00}},
  {759, 0x312, 8, {0x48, 0xE4, 0x2C, 0x09, 0xFF, 0xFF, 0xD0, 0x00}},
  {759, 0x302, 8, {0x8C, 0xE9, 0x01, 0x6C, 0x8C, 0x19, 0x33, 0xDE}},
  {759, 0x314, 5, {0xAC, 0x00, 0x1D, 0x1A, 0xE0, 0x00, 0x00, 0x00}},
  {760, 0x542, 8, {0x78, 0x7E, 0x80, 0x1D, 0x15, 0xC9, 0x80, 0x00}},
  {760, 0x540, 8, {0x15, 0x00, 0x80, 0x00, 0x7E, 0x33, 0x00, 0x00}},
  {764, 0x12B, 8, {0x00, 0x00, 0x00, 0x00, 0x10, 0x00, 0x00, 0x00}},
  {769, 0x301, 8, {0x2A, 0x00, 0x00, 0x1E, 0x01, 0xDC, 0x01, 0xBA}},
  {769, 0x313, 8, {0x00, 0x00, 0x2C, 0x09, 0xFF, 0xFF, 0x00, 0x00}},
  {769, 0x540, 8, {0x15, 0x00, 0x80, 0x00, 0x7E, 0x33, 0x00, 0x00}},
  {770, 0x302, 8, {0x8C, 0xE9, 0x01, 0x6C, 0x8C, 0x19, 0x33, 0xDE}},
  {774, 0x12B, 8, {0x00, 0x00, 0x00, 0x00, 0x10, 0x00, 0x00, 0x00}},
  {778, 0x301, 8, {0x2A, 0x00, 0x00, 0x1E, 0x01, 0xDC, 0x01, 0xBA}},
  {778, 0x303, 8, {0x00, 0x8A, 0x8F, 0x8F, 0x97, 0x00, 0x00, 0x80}},
  {779, 0x302, 8, {0x8C, 0xE9, 0x01, 0x6C, 0x8C, 0x19, 0x33, 0xDE}},
  {779, 0x312, 8, {0x48, 0xE4, 0x2C, 0x0A, 0xFF, 0xFF, 0xD0, 0x00}},
  {779, 0x310, 8, {0x00, 0x00, 0x30, 0x00, 0x0F, 0x0F, 0x40, 0x00}},
  {780, 0x540, 8, {0x15, 0x00, 0x80, 0x00, 0x7E, 0x33, 0x00, 0x00}},
  {780, 0x311, 8, {0x04, 0x08, 0x04, 0x08, 0x01, 0x68, 0x00, 0x00}},
  {784, 0x12B, 8, {0x00, 0x00, 0x00, 0x00, 0x10, 0x00, 0x00, 0x00}},
  {786, 0x447, 8, {0x00, 0x02, 0xBA, 0xA3, 0x00, 0x00, 0x54, 0x38}},
  {788, 0x301, 8, {0x29, 0x00, 0x00, 0x1E, 0x01, 0xE1, 0x01, 0xBA}},
  {788, 0x30C, 2, {0x00, 0x00, 0x00, 0x00, 0x00, 0x00, 0x00, 0x00}},
  {788, 0x302, 8, {0x8C, 0xE9, 0x01, 0x70, 0x8C, 0x19, 0x33, 0xDE}},
  {789, 0x311, 8, {0x04, 0x08, 0x04, 0x08, 0x01, 0x68, 0x00, 0x00}},
  {789, 0x313, 8, {0x00, 0x00, 0x2C, 0x75, 0xFF, 0xFF, 0x00, 0x00}},
  {851, 0x540, 8, {0x15, 0x00, 0x80, 0x00, 0x7E, 0x33, 0x00, 0x00}},
  {851, 0x312, 8, {0x48, 0xE4, 0x2C, 0x75, 0xFF, 0xFF, 0x50, 0x00}},
  {854, 0x12B, 8, {0x00, 0x00, 0x00, 0x00, 0x10, 0x00, 0x00, 0x00}},
  {858, 0x301, 8, {0x27, 0x00, 0x00, 0x20, 0x02, 0x02, 0x01, 0xBA}},
  {858, 0x30C, 2, {0x00, 0x00, 0x00, 0x00, 0x00, 0x00, 0x00, 0x00}},
  {858, 0x302, 8, {0x8C, 0xE9, 0x01, 0x89, 0x8C, 0x19, 0x34, 0x3B}},
  {859, 0x311, 8, {0x04, 0x09, 0x04, 0x08, 0x01, 0x68, 0x00, 0x00}},
  {859, 0x313, 8, {0x00, 0x00, 0x2E, 0x8A, 0xFF, 0xFF, 0x00, 0x00}},
  {859, 0x314, 5, {0xAC, 0x00, 0x1F, 0x1A, 0xE0, 0x00, 0x00, 0x00}},
  {860, 0x312, 8, {0x48, 0xDD, 0x2E, 0x8A, 0xFF, 0xFF, 0xF0, 0x00}},
  {860, 0x542, 8, {0x7A, 0xFC, 0x80, 0x1D, 0x15, 0xC9, 0x80, 0x00}},
  {864, 0x12B, 8, {0x00, 0x00, 0x00, 0x00, 0x10, 0x00, 0x00, 0x00}},
  {868, 0x301, 8, {0x27, 0x00, 0x00, 0x1F, 0x02, 0x02, 0x01, 0xBA}},
  {868, 0x30C, 2, {0x00, 0x00, 0x00, 0x00, 0x00, 0x00, 0x00, 0x00}},
  {868, 0x302, 8, {0x8C, 0xE9, 0x01, 0x89, 0x8C, 0x19, 0x34, 0x3B}},
  {869, 0x311, 8, {0x04, 0x09, 0x04, 0x08, 0x01, 0x68, 0x00, 0x00}},
  {869, 0x313, 8, {0x00, 0x00, 0x2E, 0x74, 0xFF, 0xFF, 0x00, 0x00}},
  {869, 0x540, 8, {0x15, 0x00, 0x80, 0x00, 0x7E, 0x33, 0x00, 0x00}},
  {870, 0x312, 8, {0x48, 0xDC, 0x2E, 0x74, 0xFF, 0xFF, 0x70, 0x00}},
  {874, 0x12B, 8, {0x00, 0x00, 0x00, 0x00, 0x10, 0x00, 0x00, 0x00}},
  {878, 0x301, 8, {0x27, 0x00, 0x00, 0x1F, 0x02, 0x02, 0x01, 0xBA}},
  {878, 0x30C, 2, {0x00, 0x00, 0x00, 0x00, 0x00, 0x00, 0x00, 0x00}},
  {878, 0x302, 8, {0x8C, 0xE9, 0x01, 0x89, 0x8C, 0x19, 0x34, 0x3B}},
  {879, 0x311, 8, {0x04, 0x09, 0x04, 0x08, 0x01, 0x68, 0x00, 0x00}},
  {879, 0x313, 8, {0x00, 0x00, 0x2E, 0x74, 0xFF, 0xFF, 0x00, 0x00}},
  {879, 0x314, 5, {0xAC, 0x00, 0x21, 0x1A, 0xE0, 0x00, 0x00, 0x00}},
  {879, 0x312, 8, {0x48, 0xDA, 0x2E, 0x74, 0xFF, 0xFF, 0xF0, 0x00}},
  {880, 0x542, 8, {0x7B, 0x08, 0x80, 0x1D, 0x15, 0xC9, 0x80, 0x00}},
  {884, 0x12B, 8, {0x00, 0x00, 0x00, 0x00, 0x10, 0x00, 0x00, 0x00}},
  {887, 0x447, 8, {0x00, 0x02, 0xBA, 0xA3, 0x00, 0x00, 0x54, 0x38}},
  {888, 0x301, 8, {0x27, 0x00, 0x00, 0x1F, 0x02, 0x00, 0x01, 0xBA}},
  {888, 0x30C, 2, {0x00, 0x00, 0x00, 0x00, 0x00, 0x00, 0x00, 0x00}},
  {888, 0x302, 8, {0x8C, 0xE9, 0x01, 0x88, 0x8C, 0x19, 0x34, 0x3B}},
  {889, 0x311, 8, {0x04, 0x09, 0x04, 0x08, 0x01, 0x68, 0x00, 0x00}},
  {889, 0x313, 8, {0x00, 0x00, 0x2E, 0x4A, 0xFF, 0xFF, 0x00, 0x00}},
  {889, 0x540, 8, {0x15, 0x00, 0x80, 0x00, 0x7E, 0x33, 0x00, 0x00}},
  {890, 0x312, 8, {0x48, 0xD9, 0x2E, 0x4A, 0xFF, 0xFF, 0x70, 0x00}},
  {894, 0x12B, 8, {0x00, 0x00, 0x00, 0x00, 0x10, 0x00, 0x00, 0x00}},
  {955, 0x301, 8, {0x28, 0x00, 0x00, 0x1F, 0x02, 0x00, 0x01, 0xBA}},
  {955, 0x302, 8, {0x8C, 0xE9, 0x01, 0x88, 0x8C, 0x19, 0x34, 0x3B}},
  {958, 0x301, 8, {0x28, 0x00, 0x00, 0x1F, 0x01, 0xFB, 0x01, 0xBA}},
  {958, 0x30C, 2, {0x00, 0x00, 0x00, 0x00, 0x00, 0x00, 0x00, 0x00}},
  {958, 0x310, 8, {0x00, 0x00, 0x1A, 0x00, 0x0F, 0x0F, 0x40, 0x00}},
  {959, 0x302, 8, {0x8C, 0xE9, 0x01, 0x84, 0x8C, 0x19, 0x35, 0x13}},
  {959, 0x312, 8, {0x48, 0xD4, 0x2D, 0xA0, 0xFF, 0xFF, 0x70, 0x00}},
  {959, 0x314, 5, {0xAC, 0x00, 0x2C, 0x1A, 0xE0, 0x00, 0x00, 0x00}},
  {960, 0x313, 8, {0x00, 0x00, 0x2D, 0xA0, 0xFF, 0xFF, 0x00, 0x00}},
  {960, 0x542, 8, {0x7B, 0x33, 0x80, 0x1F, 0x15, 0xC9, 0x80, 0x00}},
  {964, 0x12B, 8, {0x00, 0x00, 0x00, 0x00, 0x10, 0x00, 0x00, 0x00}},
  {968, 0x301, 8, {0x28, 0x00, 0x00, 0x1F, 0x01, 0xFB, 0x01, 0xBA}},
  {968, 0x30C, 2, {0x00, 0x00, 0x00, 0x00, 0x00, 0x00, 0x00, 0x00}},
  {968, 0x302, 8, {0x8C, 0xE9, 0x01, 0x84, 0x8C, 0x19, 0x35, 0x13}},
  {969, 0x311, 8, {0x04, 0x0A, 0x04, 0x08, 0x01, 0x68, 0x00, 0x00}},
  {969, 0x313, 8, {0x00, 0x00, 0x2D, 0xA0, 0xFF, 0xFF, 0x00, 0x00}},
  {969, 0x312, 8, {0x48, 0xD3, 0x2D, 0xA0, 0xFF, 0xFF, 0x70, 0x00}},
  {970, 0x542, 8, {0x7B, 0x39, 0x80, 0x1F, 0x15, 0xC9, 0x80, 0x00}},
  {974, 0x12B, 8, {0x00, 0x00, 0x00, 0x00, 0x10, 0x00, 0x00, 0x00}},
  {978, 0x301, 8, {0x28, 0x00, 0x00, 0x1F, 0x01, 0xF8, 0x01, 0xBA}},
  {978, 0x30C, 2, {0x00, 0x00, 0x00, 0x00, 0x00, 0x00, 0x00, 0x00}},
  {978, 0x302, 8, {0x8C, 0xE9, 0x01, 0x81, 0x8C, 0x19, 0x35, 0x32}},
  {979, 0x311, 8, {0x04, 0x0A, 0x04, 0x08, 0x01, 0x68, 0x00, 0x00}},
  {979, 0x313, 8, {0x00, 0x00, 0x2D, 0x5F, 0xFF, 0xFF, 0x00, 0x00}},
  {979, 0x312, 8, {0x48, 0xD3, 0x2D, 0x5F, 0xFF, 0xFF, 0x70, 0x00}},
  {980, 0x500, 8, {0x00, 0x00, 0x00, 0x00, 0x00, 0x00, 0x00, 0x00}},
  {980, 0x542, 8, {0x7B, 0x3F, 0x80, 0x1F, 0x15, 0xC9, 0x80, 0x00}},
  {980, 0x540, 8, {0x15, 0x00, 0x80, 0x00, 0x7E, 0x33, 0x00, 0x00}},
  {984, 0x12B, 8, {0x00, 0x00, 0x00, 0x00, 0x10, 0x00, 0x00, 0x00}},
  {987, 0x447, 8, {0x00, 0x02, 0xBA, 0xA3, 0x00, 0x00, 0x54, 0x38}},
  {987, 0x301, 8, {0x29, 0x00, 0x00, 0x1F, 0x01, 0xF8, 0x01, 0xBA}},
  {987, 0x302, 8, {0x8C, 0xE9, 0x01, 0x81, 0x8C, 0x19, 0x35, 0x32}},
  {988, 0x303, 8, {0x00, 0x89, 0x8F, 0x8F, 0x19, 0x00, 0x00, 0x80}},
  {988, 0x304, 8, {0x38, 0x10, 0x80, 0x00, 0x80, 0x00, 0x00, 0x00}},
  {988, 0x310, 8, {0x00, 0x00, 0x1A, 0x00, 0x0F, 0x0F, 0x40, 0x00}},
  {989, 0x30C, 2, {0x00, 0x00, 0x00, 0x00, 0x00, 0x00, 0x00, 0x00}},
  {989, 0x312, 8, {0x48, 0xD3, 0x2D, 0x5F, 0xFF, 0xFF, 0xF0, 0x00}},
  {989, 0x540, 8, {0x15, 0x00, 0x80, 0x00, 0x7E, 0x33, 0x00, 0x00}},
  {989, 0x542, 8, {0x7B, 0x45, 0x80, 0x1F, 0x15, 0xC9, 0x80, 0x00}},
  {1050, 0x12B, 8, {0x00, 0x00, 0x00, 0x00, 0x10, 0x00, 0x00, 0x00}},
  {1050, 0x313, 8, {0x00, 0x00, 0x2D, 0x5F, 0xFF, 0xFF, 0x00, 0x00}},
  {1054, 0x12B, 8, {0x00, 0x00, 0x00, 0x00, 0x10, 0x00, 0x00, 0x00}},
  {1058, 0x301, 8, {0x28, 0x00, 0x00, 0x1F, 0x01, 0xFA, 0x01, 0xBA}},
  {1058, 0x304, 8, {0x38, 0x10, 0x80, 0x00, 0x80, 0x00, 0x00, 0x00}},
  {1058, 0x302, 8, {0x8C, 0xE9, 0x01, 0x83, 0x8C, 0x19, 0x34, 0xB6}},
  {1059, 0x312, 8, {0x48, 0xD2, 0x2D, 0x6A, 0xFF, 0xFF, 0xF0, 0x00}},
  {1059, 0x313, 8, {0x00, 0x00, 0x2D, 0x6A, 0xFF, 0xFF, 0x00, 0x00}},
  {1059, 0x310, 8, {0x00, 0x00, 0x1A, 0x00, 0x0F, 0x0F, 0x40, 0x00}},
  {1060, 0x311, 8, {0x04, 0x0B, 0x04, 0x08, 0x01, 0x68, 0x00, 0x00}},
  {1060, 0x540, 8, {0x15, 0x00, 0x80, 0x00, 0x7E, 0x33, 0x00, 0x00}},
  {1060, 0x542, 8, {0x7B, 0x6F, 0x80, 0x1F, 0x15, 0xC9, 0x80, 0x00}},
  {1064, 0x12B, 8, {0x00, 0x00, 0x00, 0x00, 0x10, 0x00, 0x00, 0x00}},
  {1068, 0x301, 8, {0x28, 0x00, 0x00, 0x1F, 0x01, 0xFB, 0x01, 0xBA}},
  {1068, 0x30C, 2, {0x00, 0x00, 0x00, 0x00, 0x00, 0x00, 0x00, 0x00}},
  {1068, 0x310, 8, {0x00, 0x00, 0x1A, 0x00, 0x0F, 0x0F, 0x40, 0x00}},
  {1069, 0x302, 8, {0x8C, 0xE9, 0x01, 0x84, 0x8C, 0x19, 0x34, 0xB6}},
  {1069, 0x312, 8, {0x48, 0xD1, 0x2D, 0x8B, 0xFF, 0xFF, 0x70, 0x00}},
  {1069, 0x540, 8, {0x15, 0x00, 0x80, 0x00, 0x7E, 0x33, 0x00, 0x00}},
  {1070, 0x542, 8, {0x7B, 0x75, 0x80, 0x1F, 0x15, 0xC9, 0x80, 0x00}},
  {1070, 0x313, 8, {0x00, 0x00, 0x2D, 0x8B, 0xFF, 0xFF, 0x00, 0x00}},
  {1074, 0x12B, 8, {0x00, 0x00, 0x00, 0x00, 0x10, 0x00, 0x00, 0x00}},
  {1078, 0x301, 8, {0x29, 0x00, 0x00, 0x1F, 0x01, 0xFB, 0x01, 0xBA}},
  {1078, 0x30C, 2, {0x00, 0x00, 0x00, 0x00, 0x00, 0x00, 0x00, 0x00}},
  {1078, 0x302, 8, {0x8C, 0xE9, 0x01, 0x84, 0x8C, 0x19, 0x34, 0xB6}},
  {1079, 0x311, 8, {0x04, 0x0C, 0x04, 0x08, 0x01, 0x68, 0x00, 0x00}},
  {1079, 0x313, 8, {0x00, 0x00, 0x2D, 0x8B, 0xFF, 0xFF, 0x00, 0x00}},
  {1079, 0x314, 5, {0xAC, 0x00, 0x35, 0x1A, 0xE0, 0x00, 0x00, 0x00}},
  {1079, 0x312, 8, {0x48, 0xD1, 0x2D, 0x8B, 0xFF, 0xFF, 0x70, 0x00}},
  {1080, 0x542, 8, {0x7B, 0x7B, 0x80, 0x1F, 0x15, 0xC9, 0x80, 0x00}},
  {1084, 0x12B, 8, {0x00, 0x00, 0x00, 0x00, 0x10, 0x00, 0x00, 0x00}},
  {1088, 0x447, 8, {0x00, 0x02, 0xBA, 0xA4, 0x00, 0x00, 0x54, 0x38}},
  {1088, 0x301, 8, {0x29, 0x00, 0x00, 0x1E, 0x01, 0xF7, 0x01, 0xBA}},
  {1088, 0x304, 8, {0x38, 0x10, 0x80, 0x00, 0x80, 0x00, 0x00, 0x00}},
  {1089, 0x311, 8, {0x04, 0x0C, 0x04, 0x08, 0x01, 0x68, 0x00, 0x00}},
  {1089, 0x313, 8, {0x00, 0x00, 0x2D, 0x2A, 0xFF, 0xFF, 0x00, 0x00}},
  {1089, 0x310, 8, {0x00, 0x00, 0x1A, 0x00, 0x0F, 0x0F, 0x40, 0x00}},
  {1090, 0x540, 8, {0x15, 0x00, 0x80, 0x00, 0x7E, 0x33, 0x00, 0x00}},
  {1090, 0x312, 8, {0x48, 0xD1, 0x2D, 0x2A, 0xFF, 0xFF, 0x70, 0x00}},
  {1094, 0x12B, 8, {0x00, 0x00, 0x00, 0x00, 0x10, 0x00, 0x00, 0x00}},
  {1098, 0x301, 8, {0x29, 0x00, 0x00, 0x1E, 0x01, 0xF7, 0x01, 0xBA}},
  {1162, 0x30C, 2, {0x00, 0x00, 0x00, 0x00, 0x00, 0x00, 0x00, 0x00}},
  {1162, 0x302, 8, {0x8C, 0xEA, 0x01, 0x81, 0x8C, 0x19, 0x34, 0xB6}},
  {1163, 0x12B, 8, {0x00, 0x00, 0x00, 0x00, 0x10, 0x00, 0x00, 0x00}},
  {1165, 0x448, 8, {0x08, 0x35, 0xF9, 0x01, 0x05, 0x3B, 0x0A, 0xA3}},
  {1168, 0x301, 8, {0x2B, 0x00, 0x00, 0x1D, 0x01, 0xE4, 0x01, 0xBA}},
  {1168, 0x30C, 2, {0x00, 0x00, 0x00, 0x00, 0x00, 0x00, 0x00, 0x00}},
  {1168, 0x302, 8, {0x8C, 0xEA, 0x01, 0x72, 0x8C, 0x19, 0x34, 0x98}},
  {1169, 0x311, 8, {0x04, 0x0D, 0x04, 0x08, 0x01, 0x68, 0x00, 0x00}},
  {1169, 0x313, 8, {0x00, 0x00, 0x2B, 0x9F, 0xFF, 0xFF, 0x00, 0x00}},
  {1169, 0x540, 8, {0x15, 0x00, 0x80, 0x00, 0x7E, 0x33, 0x00, 0x00}},
  {1170, 0x312, 8, {0x48, 0xD4, 0x2B, 0x9F, 0xFF, 0xFF, 0xF0, 0x00}},
  {1174, 0x12B, 8, {0x00, 0x00, 0x00, 0x00, 0x10, 0x00, 0x00, 0x00}},
  {1179, 0x301, 8, {0x2B, 0x00, 0x00, 0x1D, 0x01, 0xE2, 0x01, 0xBA}},
  {1179, 0x311, 8, {0x04, 0x0D, 0x04, 0x08, 0x01, 0x68, 0x00, 0x00}},
  {1179, 0x310, 8, {0x00, 0x00, 0x1A, 0x00, 0x0F, 0x0F, 0x40, 0x00}},
  {1180, 0x302, 8, {0x8C, 0xEA, 0x01, 0x71, 0x8C, 0x19, 0x34, 0x98}},
  {1180, 0x313, 8, {0x00, 0x00, 0x2B, 0x74, 0xFF, 0xFF, 0x00, 0x00}},
  {1180, 0x540, 8, {0x15, 0x00, 0x80, 0x00, 0x7E, 0x33, 0x00, 0x00}},
  {1181, 0x314, 5, {0xAC, 0x00, 0x39, 0x1A, 0xE0, 0x00, 0x00, 0x00}},
  {1184, 0x12B, 8, {0x00, 0x00, 0x00, 0x00, 0x10, 0x00, 0x00, 0x00}},
  {1188, 0x301, 8, {0x2B, 0x00, 0x00, 0x1D, 0x01, 0xE0, 0x01, 0xBA}},
  {1188, 0x304, 8, {0x38, 0x10, 0x80, 0x00, 0x80, 0x00, 0x00, 0x00}},
  {1188, 0x302, 8, {0x8C, 0xEA, 0x01, 0x6F, 0x8C, 0x19, 0x33, 0xA0}},
  {1189, 0x312, 8, {0x48, 0xD6, 0x2B, 0x3F, 0xFF, 0xFF, 0x70, 0x00}},
  {1189, 0x311, 8, {0x04, 0x0D, 0x04, 0x08, 0x01, 0x68, 0x00, 0x00}},
  {1189, 0x310, 8, {0x00, 0x00, 0x1A, 0x00, 0x0F, 0x0F, 0x40, 0x00}},
  {1190, 0x447, 8, {0x00, 0x02, 0xBA, 0xA4, 0x00, 0x00, 0x54, 0x38}},
  {1190, 0x542, 8, {0x7B, 0xBD, 0x80, 0x1D, 0x15, 0xC9, 0x80, 0x00}},
  {1190, 0x540, 8, {0x15, 0x00, 0x80, 0x00, 0x7E, 0x33, 0x00, 0x00}},
  {1194, 0x12B, 8, {0x00, 0x00, 0x00, 0x00, 0x10, 0x00, 0x00, 0x00}},
  {1198, 0x301, 8, {0x2B, 0x00, 0x00, 0x1D, 0x01, 0xE0, 0x01, 0xBA}},
  {1198, 0x30C, 2, {0x00, 0x00, 0x00, 0x00, 0x00, 0x00, 0x00, 0x00}},
  {1198, 0x302, 8, {0x8C, 0xEA, 0x01, 0x6F, 0x8C, 0x19, 0x33, 0xA0}},
  {1199, 0x311, 8, {0x04, 0x0D, 0x04, 0x08, 0x01, 0x68, 0x00, 0x00}},
  {1199, 0x313, 8, {0x00, 0x00, 0x2B, 0x3F, 0xFF, 0xFF, 0x00, 0x00}},
  {1199, 0x314, 5, {0xAC, 0x00, 0x39, 0x1A, 0xE0, 0x00, 0x00, 0x00}},
  {1199, 0x312, 8, {0x48, 0xD6, 0x2B, 0x3F, 0xFF, 0xFF, 0xF0, 0x00}},
  {1254, 0x316, 8, {0x80, 0x03, 0x69, 0x00, 0x70, 0x00, 0x00, 0x00}},
  {1254, 0x540, 8, {0x15, 0x00, 0x80, 0x00, 0x7E, 0x33, 0x00, 0x00}},
  {1258, 0x301, 8, {0x2A, 0x00, 0x00, 0x1D, 0x01, 0xE4, 0x01, 0xBA}},
  {1258, 0x30C, 2, {0x00, 0x00, 0x00, 0x00, 0x00, 0x00, 0x00, 0x00}},
  {1258, 0x310, 8, {0x00, 0x00, 0x1A, 0x00, 0x0F, 0x0F, 0x40, 0x00}},
  {1259, 0x302, 8, {0x8C, 0xEA, 0x01, 0x72, 0x8C, 0x19, 0x33, 0x25}},
  {1259, 0x312, 8, {0x48, 0xD8, 0x2B, 0xA0, 0xFF, 0xFF, 0x70, 0x00}},
  {1259, 0x314, 5, {0xAC, 0x00, 0x39, 0x1A, 0xE0, 0x00, 0x00, 0x00}},
  {1260, 0x313, 8, {0x00, 0x00, 0x2B, 0xA0, 0xFF, 0xFF, 0x00, 0x00}},
  {1260, 0x542, 8, {0x7B, 0xE7, 0x80, 0x1D, 0x15, 0xC9, 0x80, 0x00}},
  {1264, 0x12B, 8, {0x00, 0x00, 0x00, 0x00, 0x10, 0x00, 0x00, 0x00}},
  {1268, 0x301, 8, {0x2A, 0x00, 0x00, 0x1D, 0x01, 0xE4, 0x01, 0xBA}},
  {1268, 0x30C, 2, {0x00, 0x00, 0x00, 0x00, 0x00, 0x00, 0x00, 0x00}},
  {1268, 0x302, 8, {0x8C, 0xEA, 0x01, 0x72, 0x8C, 0x19, 0x33, 0x25}},
  {1269, 0x311, 8, {0x04, 0x0E, 0x04, 0x08, 0x01, 0x68, 0x00, 0x00}},
  {1269, 0x312, 8, {0x48, 0xD8, 0x2B, 0xA0, 0xFF, 0xFF, 0xF0, 0x00}},
  {1269, 0x313, 8, {0x00, 0x00, 0x2B, 0xA0, 0xFF, 0xFF, 0x00, 0x00}},
  {1270, 0x542, 8, {0x7B, 0xED, 0x80, 0x1D, 0x15, 0xC9, 0x80, 0x00}},
  {1270, 0x540, 8, {0x15, 0x00, 0x80, 0x00, 0x7E, 0x33, 0x00, 0x00}},
  {1274, 0x12B, 8, {0x00, 0x00, 0x00, 0x00, 0x10, 0x00, 0x00, 0x00}},
  {1278, 0x301, 8, {0x2A, 0x00, 0x00, 0x1E, 0x01, 0xE8, 0x01, 0xBA}},
  {1278, 0x30C, 2, {0x00, 0x00, 0x00, 0x00, 0x00, 0x00, 0x00, 0x00}},
  {1278, 0x310, 8, {0x00, 0x00, 0x1A, 0x00, 0x0F, 0x0F, 0x40, 0x00}},
  {1279, 0x302, 8, {0x8C, 0xEA, 0x01, 0x75, 0x8C, 0x19, 0x33, 0x25}},
  {1279, 0x312, 8, {0x48, 0xD8, 0x2B, 0xE1, 0xFF, 0xFF, 0x70, 0x00}},
  {1279, 0x314, 5, {0xAC, 0x00, 0x39, 0x1A, 0xE0, 0x00, 0x00, 0x00}},
  {1280, 0x313, 8, {0x00, 0x00, 0x2B, 0xE1, 0xFF, 0xFF, 0x00, 0x00}},
  {1280, 0x542, 8, {0x7B, 0xF3, 0x80, 0x1D, 0x15, 0xC9, 0x80, 0x00}},
  {1284, 0x12B, 8, {0x00, 0x00, 0x00, 0x00, 0x10, 0x00, 0x00, 0x00}},
  {1288, 0x301, 8, {0x2A, 0x00, 0x00, 0x1E, 0x01, 0xE8, 0x01, 0xBA}},
  {1288, 0x30C, 2, {0x00, 0x00, 0x00, 0x00, 0x00, 0x00, 0x00, 0x00}},
  {1288, 0x310, 8, {0x00, 0x00, 0x1A, 0x00, 0x0F, 0x0F, 0x40, 0x00}},
  {1289, 0x302, 8, {0x8C, 0xEA, 0x01, 0x75, 0x8C, 0x19, 0x33, 0x25}},
  {1289, 0x312, 8, {0x48, 0xD8, 0x2B, 0xE1, 0xFF, 0xFF, 0x50, 0x00}},
  {1289, 0x447, 8, {0x00, 0x02, 0xBA, 0xA4, 0x00, 0x00, 0x54, 0x38}},
  {1290, 0x540, 8, {0x15, 0x00, 0x80, 0x00, 0x7E, 0x33, 0x00, 0x00}},
  {1290, 0x313, 8, {0x00, 0x00, 0x2B, 0xE1, 0xFF, 0xFF, 0x00, 0x00}},
  {1294, 0x12B, 8, {0x00, 0x00, 0x00, 0x00, 0x10, 0x00, 0x00, 0x00}},
  {1298, 0x301, 8, {0x2A, 0x00, 0x00, 0x1E, 0x01, 0xDE, 0x01, 0xBA}},
  {1298, 0x302, 8, {0x8C, 0xEA, 0x01, 0x6D, 0x8C, 0x19, 0x33, 0x25}},
  {1358, 0x30A, 8, {0x27, 0x3B, 0x00, 0x00, 0x00, 0x00, 0x00, 0x00}},
  {1359, 0x311, 8, {0x04, 0x10, 0x04, 0x08, 0x01, 0x68, 0x00, 0x00}},
  {1359, 0x312, 8, {0x48, 0xD7, 0x2B, 0xE0, 0xFF, 0xFF, 0xD0, 0x00}},
  {1359, 0x30B, 8, {0x00, 0x00, 0x00, 0x00, 0x00, 0x41, 0x3B, 0x3E}},
  {1359, 0x314, 5, {0xAC, 0x00, 0x39, 0x1A, 0xE0, 0x00, 0x00, 0x00}},
  {1360, 0x542, 8, {0x79, 0x39, 0x80, 0x1D, 0x15, 0xC9, 0x80, 0x00}},
  {1360, 0x540, 8, {0x15, 0x00, 0x80, 0x00, 0x7E, 0x33, 0x00, 0x00}},
  {1364, 0x12B, 8, {0x00, 0x00, 0x00, 0x00, 0x10, 0x00, 0x00, 0x00}},
  {1368, 0x301, 8, {0x2A, 0x00, 0x00, 0x1E, 0x01, 0xDF, 0x01, 0xBA}},
  {1368, 0x30C, 2, {0x00, 0x00, 0x00, 0x00, 0x00, 0x00, 0x00, 0x00}},
  {1368, 0x310, 8, {0x00, 0x00, 0x22, 0x00, 0x0F, 0x0F, 0x40, 0x00}},
  {1369, 0x302, 8, {0x8C, 0xEA, 0x01, 0x6E, 0x8C, 0x19, 0x33, 0x82}},
  {1369, 0x312, 8, {0x48, 0xD7, 0x2C, 0x0C, 0xFF, 0xFF, 0x50, 0x00}},
  {1369, 0x540, 8, {0x15, 0x00, 0x80, 0x00, 0x7E, 0x33, 0x00, 0x00}},
  {1370, 0x542, 8, {0x79, 0x33, 0x80, 0x1D, 0x15, 0xC9, 0x80, 0x00}},
  {1370, 0x313, 8, {0x00, 0x00, 0x2C, 0x0C, 0xFF, 0xFF, 0x00, 0x00}},
  {1374, 0x12B, 8, {0x00, 0x00, 0x00, 0x00, 0x10, 0x00, 0x00, 0x00}},
  {1378, 0x301, 8, {0x2A, 0x00, 0x00, 0x1E, 0x01, 0xDF, 0x01, 0xBA}},
  {1378, 0x304, 8, {0x38, 0x10, 0x80, 0x00, 0x80, 0x00, 0x00, 0x00}},
  {1378, 0x302, 8, {0x8C, 0xEA, 0x01, 0x6E, 0x8C, 0x19, 0x33, 0x82}},
  {1379, 0x312, 8, {0x48, 0xD6, 0x2C, 0x0C, 0xFF, 0xFF, 0x70, 0x00}},
  {1379, 0x311, 8, {0x04, 0x10, 0x04, 0x08, 0x01, 0x68, 0x00, 0x00}},
  {1379, 0x310, 8, {0x00, 0x00, 0x21, 0x00, 0x0F, 0x0F, 0x40, 0x00}},
  {1380, 0x314, 5, {0xAC, 0x00, 0x39, 0x1A, 0xE0, 0x00, 0x00, 0x00}},
  {1380, 0x542, 8, {0x79, 0x2D, 0x80, 0x1D, 0x15, 0xC9, 0x80, 0x00}},
  {1380, 0x540, 8, {0x15, 0x00, 0x80, 0x00, 0x7E, 0x33, 0x00, 0x00}},
  {1384, 0x12B, 8, {0x00, 0x00, 0x00, 0x00, 0x10, 0x00, 0x00, 0x00}},
  {1388, 0x301, 8, {0x2A, 0x00, 0x00, 0x1E, 0x01, 0xE0, 0x01, 0xBA}},
  {1388, 0x30C, 2, {0x00, 0x00, 0x00, 0x00, 0x00, 0x00, 0x00, 0x00}},
  {1388, 0x310, 8, {0x00, 0x00, 0x22, 0x00, 0x0F, 0x0F, 0x40, 0x00}},
  {1389, 0x311, 8, {0x04, 0x10, 0x04, 0x08, 0x01, 0x68, 0x00, 0x00}},
  {1389, 0x302, 8, {0x8C, 0xEA, 0x01, 0x6F, 0x8C, 0x19, 0x33, 0x82}},
  {1389, 0x313, 8, {0x00, 0x00, 0x2C, 0x20, 0xFF, 0xFF, 0x00, 0x00}},
  {1390, 0x447, 8, {0x00, 0x02, 0xBA, 0xA4, 0x00, 0x00, 0x54, 0x38}},
  {1390, 0x542, 8, {0x79, 0x27, 0x80, 0x1D, 0x15, 0xC9, 0x80, 0x00}},
  {1390, 0x540, 8, {0x15, 0x00, 0x80, 0x00, 0x7E, 0x33, 0x00, 0x00}},
  {1394, 0x12B, 8, {0x00, 0x00, 0x00, 0x00, 0x10, 0x00, 0x00, 0x00}},
  {1398, 0x301, 8, {0x2A, 0x00, 0x00, 0x1E, 0x01, 0xE1, 0x01, 0xBA}},
  {1398, 0x30C, 2, {0x00, 0x00, 0x00, 0x00, 0x00, 0x00, 0x00, 0x00}},
  {1398, 0x310, 8, {0x00, 0x00, 0x22, 0x00, 0x0F, 0x0F, 0x40, 0x00}},
  {1399, 0x311, 8, {0x04, 0x10, 0x04, 0x08, 0x01, 0x68, 0x00, 0x00}},
  {1399, 0x302, 8, {0x8C, 0xEA, 0x01, 0x70, 0x8C, 0x19, 0x33, 0xBF}},
  {1464, 0x313, 8, {0x00, 0x00, 0x2C, 0x4A, 0xFF, 0xFF, 0x00, 0x00}},
  {1464, 0x314, 5, {0xAC, 0x00, 0x39, 0x1A, 0xE0, 0x00, 0x00, 0x00}},
  {1468, 0x301, 8, {0x2A, 0x00, 0x00, 0x1E, 0x01, 0xDC, 0x01, 0xBA}},
  {1468, 0x30C, 2, {0x00, 0x00, 0x00, 0x00, 0x00, 0x00, 0x00, 0x00}},
  {1468, 0x310, 8, {0x00, 0x00, 0x22, 0x00, 0x0F, 0x0F, 0x40, 0x00}},
  {1469, 0x302, 8, {0x8C, 0xEA, 0x01, 0x6C, 0x8C, 0x19, 0x33, 0xDE}},
  {1469, 0x312, 8, {0x48, 0xD5, 0x2C, 0x20, 0xFF, 0xFF, 0x70, 0x00}},
  {1469, 0x540, 8, {0x15, 0x00, 0x80, 0x00, 0x7E, 0x33, 0x00, 0x00}},
  {1470, 0x542, 8, {0x78, 0xF7, 0x80, 0x1D, 0x15, 0xC9, 0x80, 0x00}},
  {1470, 0x313, 8, {0x00, 0x00, 0x2C, 0x20, 0xFF, 0xFF, 0x00, 0x00}},
  {1474, 0x12B, 8, {0x00, 0x00, 0x00, 0x00, 0x10, 0x00, 0x00, 0x00}},
  {1478, 0x301, 8, {0x2A, 0x00, 0x00, 0x1E, 0x01, 0xDC, 0x01, 0xBA}},
  {1478, 0x303, 8, {0x00, 0x87, 0x8F, 0x8F, 0x29, 0x00, 0x00, 0x80}},
  {1478, 0x30C, 2, {0x00, 0x00, 0x00, 0x00, 0x00, 0x00, 0x00, 0x00}},
  {1479, 0x311, 8, {0x04, 0x11, 0x04, 0x08, 0x01, 0x68, 0x00, 0x00}},
  {1479, 0x302, 8, {0x8C, 0xEA, 0x01, 0x6C, 0x8C, 0x19, 0x33, 0xDE}},
  {1480, 0x313, 8, {0x00, 0x00, 0x2B, 0xE0, 0xFF, 0xFF, 0x00, 0x00}},
  {1479, 0x310, 8, {0x00, 0x00, 0x22, 0x00, 0x0F, 0x0F, 0x40, 0x00}},
  {1480, 0x540, 8, {0x15, 0x00, 0x80, 0x00, 0x7E, 0x33, 0x00, 0x00}},
  {1480, 0x542, 8, {0x78, 0xF1, 0x80, 0x1D, 0x15, 0xC9, 0x80, 0x00}},
  {1480, 0x314, 5, {0xAC, 0x00, 0x3A, 0x1A, 0xE0, 0x00, 0x00, 0x00}},
  {1484, 0x12B, 8, {0x00, 0x00, 0x00, 0x00, 0x10, 0x00, 0x00, 0x00}},
  {1488, 0x301, 8, {0x2B, 0x00, 0x00, 0x1D, 0x01, 0xD8, 0x01, 0xBA}},
  {1488, 0x30C, 2, {0x00, 0x00, 0x00, 0x00, 0x00, 0x00, 0x00, 0x00}},
  {1488, 0x310, 8, {0x00, 0x00, 0x21, 0x00, 0x0F, 0x0F, 0x40, 0x00}},
  {1489, 0x311, 8, {0x04, 0x12, 0x04, 0x08, 0x01, 0x68, 0x00, 0x00}},
  {1489, 0x302, 8, {0x8C, 0xEA, 0x01, 0x69, 0x8C, 0x19, 0x33, 0xDE}},
  {1489, 0x313, 8, {0x00, 0x00, 0x2B, 0x89, 0xFF, 0xFF, 0x00, 0x00}},
  {1490, 0x542, 8, {0x78, 0xEB, 0x80, 0x1D, 0x15, 0xC9, 0x80, 0x00}},
  {1490, 0x540, 8, {0x15, 0x00, 0x80, 0x00, 0x7E, 0x33, 0x00, 0x00}},
  {1490, 0x447, 8, {0x00, 0x02, 0xBA, 0xA4, 0x00, 0x00, 0x54, 0x38}},
  {1494, 0x12B, 8, {0x00, 0x00, 0x00, 0x00, 0x10, 0x00, 0x00, 0x00}},
  {1498, 0x301, 8, {0x2A, 0x00, 0x00, 0x1D, 0x01, 0xD8, 0x01, 0xBA}},
  {1498, 0x30C, 2, {0x00, 0x00, 0x00, 0x00, 0x00, 0x00, 0x00, 0x00}},
  {1498, 0x310, 8, {0x00, 0x00, 0x22, 0x00, 0x0F, 0x0F, 0x40, 0x00}},
  {1499, 0x311, 8, {0x04, 0x12, 0x04, 0x08, 0x01, 0x68, 0x00, 0x00}},
  {1499, 0x302, 8, {0x8C, 0xEA, 0x01, 0x69, 0x8C, 0x19, 0x33, 0xDE}},
  {1499, 0x313, 8, {0x00, 0x00, 0x2B, 0x89, 0xFF, 0xFF, 0x00, 0x00}},
  {1500, 0x315, 8, {0x00, 0x00, 0x59, 0x00, 0x00, 0x00, 0x00, 0x00}},
  {1565, 0x317, 8, {0x63, 0x15, 0x1A, 0x00, 0x00, 0x00, 0x00, 0x00}},
  {1565, 0x314, 5, {0xAC, 0x00, 0x3A, 0x1A, 0xE0, 0x00, 0x00, 0x00}},
  {1568, 0x301, 8, {0x29, 0x00, 0x00, 0x1E, 0x01, 0xE5, 0x01, 0xBA}},
  {1568, 0x304, 8, {0x38, 0x10, 0x80, 0x00, 0x80, 0x00, 0x00, 0x00}},
  {1568, 0x302, 8, {0x8C, 0xEA, 0x01, 0x73, 0x8C, 0x19, 0x33, 0xA0}},
  {1569, 0x312, 8, {0x48, 0xD7, 0x2C, 0xB5, 0xFF, 0xFF, 0x50, 0x00}},
  {1569, 0x311, 8, {0x04, 0x13, 0x04, 0x08, 0x01, 0x68, 0x00, 0x00}},
  {1569, 0x310, 8, {0x00, 0x00, 0x22, 0x00, 0x0F, 0x0F, 0x40, 0x00}},
  {1570, 0x540, 8, {0x15, 0x00, 0x80, 0x00, 0x7E, 0x33, 0x00, 0x00}},
  {1573, 0x542, 8, {0x78, 0xBB, 0x80, 0x1D, 0x15, 0xC9, 0x80, 0x00}},
  {1573, 0x12B, 8, {0x00, 0x00, 0x00, 0x00, 0x10, 0x00, 0x00, 0x00}},
  {1578, 0x301, 8, {0x29, 0x00, 0x00, 0x1E, 0x01, 0xE4, 0x01, 0xBA}},
  {1578, 0x30C, 2, {0x00, 0x00, 0x00, 0x00, 0x00, 0x00, 0x00, 0x00}},
  {1578, 0x310, 8, {0x00, 0x00, 0x22, 0x00, 0x0F, 0x0F, 0x40, 0x00}},
  {1579, 0x302, 8, {0x8C, 0xEA, 0x01, 0x72, 0x8C, 0x19, 0x33, 0xA0}},
  {1579, 0x312, 8, {0x48, 0xD6, 0x2C, 0xB4, 0xFF, 0xFF, 0x50, 0x00}},
  {1579, 0x314, 5, {0xAC, 0x00, 0x3A, 0x1A, 0xE0, 0x00, 0x00, 0x00}},
  {1580, 0x313, 8, {0x00, 0x00, 0x2C, 0xB4, 0xFF, 0xFF, 0x00, 0x00}},
  {1580, 0x542, 8, {0x78, 0xB5, 0x80, 0x1D, 0x15, 0xC9, 0x80, 0x00}},
  {1584, 0x12B, 8, {0x00, 0x00, 0x00, 0x00, 0x10, 0x00, 0x00, 0x00}},
  {1588, 0x301, 8, {0x29, 0x00, 0x00, 0x1E, 0x01, 0xE4, 0x01, 0xBA}},
  {1588, 0x30C, 2, {0x00, 0x00, 0x00, 0x00, 0x00, 0x00, 0x00, 0x00}},
  {1588, 0x310, 8, {0x00, 0x00, 0x21, 0x00, 0x0F, 0x0F, 0x40, 0x00}},
  {1589, 0x311, 8, {0x04, 0x13, 0x04, 0x08, 0x01, 0x68, 0x00, 0x00}},
  {1589, 0x302, 8, {0x8C, 0xEA, 0x01, 0x72, 0x8C, 0x19, 0x33, 0xA0}},
  {1589, 0x313, 8, {0x00, 0x00, 0x2C, 0xB4, 0xFF, 0xFF, 0x00, 0x00}},
  {1590, 0x542, 8, {0x78, 0xAF, 0x80, 0x1D, 0x15, 0xC9, 0x80, 0x00}},
  {1590, 0x540, 8, {0x15, 0x00, 0x80, 0x00, 0x7E, 0x33, 0x00, 0x00}},
  {1591, 0x447, 8, {0x00, 0x02, 0xBA, 0xA4, 0x00, 0x00, 0x54, 0x38}},
  {1594, 0x12B, 8, {0x00, 0x00, 0x00, 0x00, 0x10, 0x00, 0x00, 0x00}},
  {1598, 0x301, 8, {0x29, 0x00, 0x00, 0x1E, 0x01, 0xE4, 0x01, 0xBA}},
  {1598, 0x30C, 2, {0x00, 0x00, 0x00, 0x00, 0x00, 0x00, 0x00, 0x00}},
  {1598, 0x310, 8, {0x00, 0x00, 0x21, 0x00, 0x0F, 0x0F, 0x40, 0x00}},
  {1599, 0x302, 8, {0x8C, 0xEA, 0x01, 0x72, 0x8C, 0x19, 0x33, 0xA0}},
  {1599, 0x312, 8, {0x48, 0xD6, 0x2C, 0xB5, 0xFF, 0xFF, 0x50, 0x00}},
  {1599, 0x314, 5, {0xAC, 0x00, 0x3A, 0x1A, 0xE0, 0x00, 0x00, 0x00}},
  {1599, 0x313, 8, {0x00, 0x00, 0x2C, 0xB5, 0xFF, 0xFF, 0x00, 0x00}},
  {1600, 0x316, 8, {0x80, 0x03, 0x69, 0x00, 0x70, 0x00, 0x00, 0x00}},
  {1600, 0x542, 8, {0x78, 0xA9, 0x80, 0x1D, 0x15, 0xC9, 0x80, 0x00}},
  {1658, 0x12B, 8, {0x00, 0x00, 0x00, 0x00, 0x10, 0x00, 0x00, 0x00}},
  {1658, 0x304, 8, {0x38, 0x10, 0x80, 0x00, 0x80, 0x00, 0x00, 0x00}},
  {1658, 0x540, 8, {0x15, 0x00, 0x80, 0x00, 0x7E, 0x33, 0x00, 0x00}},
  {1658, 0x310, 8, {0x00, 0x00, 0x22, 0x00, 0x0F, 0x0F, 0x40, 0x00}},
  {1659, 0x312, 8, {0x48, 0xD5, 0x2C, 0xCC, 0xFF, 0xFF, 0x50, 0x00}},
  {1659, 0x313, 8, {0x00, 0x00, 0x2C, 0xCC, 0xFF, 0xFF, 0x00, 0x00}},
  {1659, 0x311, 8, {0x04, 0x14, 0x04, 0x08, 0x01, 0x68, 0x00, 0x00}},
  {1660, 0x540, 8, {0x15, 0x00, 0x80, 0x00, 0x7E, 0x33, 0x00, 0x00}},
  {1660, 0x542, 8, {0x78, 0x85, 0x80, 0x1D, 0x15, 0xC9, 0x80, 0x00}},
  {1664, 0x12B, 8, {0x00, 0x00, 0x00, 0x00, 0x10, 0x00, 0x00, 0x00}},
  {1664, 0x448, 8, {0x08, 0x35, 0xF9, 0x01, 0x05, 0x3B, 0x0A, 0xA3}},
  {1668, 0x301, 8, {0x29, 0x00, 0x00, 0x1E, 0x01, 0xE6, 0x01, 0xBA}},
  {1668, 0x30C, 2, {0x00, 0x00, 0x00, 0x00, 0x00, 0x00, 0x00, 0x00}},
  {1668, 0x310, 8, {0x00, 0x00, 0x21, 0x00, 0x0F, 0x0F, 0x40, 0x00}},
  {1669, 0x311, 8, {0x04, 0x14, 0x04, 0x08, 0x01, 0x68, 0x00, 0x00}},
  {1669, 0x302, 8, {0x8C, 0xEA, 0x01, 0x74, 0x8C, 0x19, 0x34, 0x1C}},
  {1669, 0x313, 8, {0x00, 0x00, 0x2C, 0xE1, 0xFF, 0xFF, 0x00, 0x00}},
  {1670, 0x542, 8, {0x7B, 0x15, 0x80, 0x1D, 0x15, 0xC9, 0x80, 0x00}},
  {1673, 0x540, 8, {0x15, 0x00, 0x80, 0x00, 0x7E, 0x33, 0x00, 0x00}},
  {1673, 0x12B, 8, {0x00, 0x00, 0x00, 0x00, 0x10, 0x00, 0x00, 0x00}},
  {1678, 0x301, 8, {0x29, 0x00, 0x00, 0x1E, 0x01, 0xE6, 0x01, 0xBA}},
  {1678, 0x30C, 2, {0x00, 0x00, 0x00, 0x00, 0x00, 0x00, 0x00, 0x00}},
  {1678, 0x310, 8, {0x00, 0x00, 0x22, 0x00, 0x0F, 0x0F, 0x40, 0x00}},
  {1679, 0x311, 8, {0x04, 0x14, 0x04, 0x08, 0x01, 0x68, 0x00, 0x00}},
  {1679, 0x302, 8, {0x8C, 0xEA, 0x01, 0x74, 0x8C, 0x19, 0x34, 0x1C}},
  {1679, 0x313, 8, {0x00, 0x00, 0x2C, 0xE1, 0xFF, 0xFF, 0x00, 0x00}},
  {1680, 0x540, 8, {0x15, 0x00, 0x80, 0x00, 0x7E, 0x33, 0x00, 0x00}},
  {1680, 0x314, 5, {0xAC, 0x00, 0x3C, 0x1A, 0xE0, 0x00, 0x00, 0x00}},
  {1684, 0x12B, 8, {0x00, 0x00, 0x00, 0x00, 0x10, 0x00, 0x00, 0x00}},
  {1688, 0x301, 8, {0x29, 0x00, 0x00, 0x1E, 0x01, 0xF1, 0x01, 0xBA}},
  {1688, 0x30C, 2, {0x00, 0x00, 0x00, 0x00, 0x00, 0x00, 0x00, 0x00}},
  {1688, 0x310, 8, {0x00, 0x00, 0x21, 0x00, 0x0F, 0x0F, 0x40, 0x00}},
  {1689, 0x311, 8, {0x04, 0x14, 0x04, 0x08, 0x01, 0x68, 0x00, 0x00}},
  {1689, 0x302, 8, {0x8C, 0xEA, 0x01, 0x7C, 0x8C, 0x19, 0x34, 0x5A}},
  {1689, 0x313, 8, {0x00, 0x00, 0x2C, 0xEB, 0xFF, 0xFF, 0x00, 0x00}},
  {1690, 0x542, 8, {0x7B, 0x21, 0x80, 0x1D, 0x15, 0xC9, 0x80, 0x00}},
  {1690, 0x540, 8, {0x15, 0x00, 0x80, 0x00, 0x7E, 0x33, 0x00, 0x00}},
  {1691, 0x447, 8, {0x00, 0x02, 0xBA, 0xA4, 0x00, 0x00, 0x54, 0x38}},
  {1694, 0x12B, 8, {0x00, 0x00, 0x00, 0x00, 0x10, 0x00, 0x00, 0x00}},
  {1754, 0x301, 8, {0x29, 0x00, 0x00, 0x1E, 0x01, 0xF1, 0x01, 0xBA}},
  {1754, 0x302, 8, {0x8C, 0xEA, 0x01, 0x7C, 0x8C, 0x19, 0x34, 0x5A}},
  {1758, 0x301, 8, {0x2A, 0x00, 0x00, 0x1E, 0x01, 0xED, 0x01, 0xBA}},
  {1758, 0x304, 8, {0x38, 0x10, 0x80, 0x00, 0x80, 0x00, 0x00, 0x00}},
  {1758, 0x310, 8, {0x00, 0x00, 0x22, 0x00, 0x0F, 0x0F, 0x40, 0x00}},
  {1759, 0x311, 8, {0x04, 0x15, 0x04, 0x08, 0x01, 0x68, 0x00, 0x00}},
  {1759, 0x312, 8, {0x48, 0xD3, 0x2C, 0x77, 0xFF, 0xFF, 0xF0, 0x00}},
  {1759, 0x302, 8, {0x8C, 0xEA, 0x01, 0x79, 0x8C, 0x19, 0x34, 0x3B}},
  {1760, 0x314, 5, {0xAC, 0x00, 0x3F, 0x1A, 0xE0, 0x00, 0x00, 0x00}},
  {1760, 0x542, 8, {0x7B, 0x4B, 0x80, 0x1E, 0x15, 0xC9, 0x80, 0x00}},
  {1760, 0x540, 8, {0x15, 0x00, 0x80, 0x00, 0x7E, 0x33, 0x00, 0x00}},
  {1764, 0x12B, 8, {0x00, 0x00, 0x00, 0x00, 0x10, 0x00, 0x00, 0x00}},
  {1768, 0x301, 8, {0x2A, 0x00, 0x00, 0x1E, 0x01, 0xED, 0x01, 0xBA}},
  {1768, 0x30C, 2, {0x00, 0x00, 0x00, 0x00, 0x00, 0x00, 0x00, 0x00}},
  {1768, 0x310, 8, {0x00, 0x00, 0x21, 0x00, 0x0F, 0x0F, 0x40, 0x00}},
  {1769, 0x311, 8, {0x04, 0x15, 0x04, 0x08, 0x01, 0x68, 0x00, 0x00}},
  {1769, 0x302, 8, {0x8C, 0xEA, 0x01, 0x79, 0x8C, 0x19, 0x34, 0x3B}},
  {1769, 0x313, 8, {0x00, 0x00, 0x2C, 0x77, 0xFF, 0xFF, 0x00, 0x00}},
  {1770, 0x542, 8, {0x7B, 0x51, 0x80, 0x1E, 0x15, 0xC9, 0x80, 0x00}},
  {1770, 0x540, 8, {0x15, 0x00, 0x80, 0x00, 0x7E, 0x33, 0x00, 0x00}},
  {1774, 0x12B, 8, {0x00, 0x00, 0x00, 0x00, 0x10, 0x00, 0x00, 0x00}},
  {1778, 0x301, 8, {0x2A, 0x00, 0x00, 0x1E, 0x01, 0xE9, 0x01, 0xBA}},
  {1778, 0x30C, 2, {0x00, 0x00, 0x00, 0x00, 0x00, 0x00, 0x00, 0x00}},
  {1778, 0x302, 8, {0x8C, 0xEA, 0x01, 0x76, 0x8C, 0x19, 0x34, 0x3B}},
  {1779, 0x311, 8, {0x04, 0x16, 0x04, 0x08, 0x01, 0x68, 0x00, 0x00}},
  {1779, 0x313, 8, {0x00, 0x00, 0x2C, 0x1F, 0xFF, 0xFF, 0x00, 0x00}},
  {1779, 0x312, 8, {0x48, 0xD3, 0x2C, 0x1F, 0xFF, 0xFF, 0x70, 0x00}},
  {1780, 0x540, 8, {0x15, 0x00, 0x80, 0x00, 0x7E, 0x33, 0x00, 0x00}},
  {1780, 0x542, 8, {0x7B, 0x57, 0x80, 0x1E, 0x15, 0xC9, 0x80, 0x00}},
  {1784, 0x12B, 8, {0x00, 0x00, 0x00, 0x00, 0x10, 0x00, 0x00, 0x00}},
  {1788, 0x301, 8, {0x2A, 0x00, 0x00, 0x1E, 0x01, 0xE9, 0x01, 0xBA}},
  {1788, 0x30C, 2, {0x00, 0x00, 0x00, 0x00, 0x00, 0x00, 0x00, 0x00}},
  {1788, 0x302, 8, {0x8C, 0xEA, 0x01, 0x76, 0x8C, 0x19, 0x34, 0x3B}},
  {1789, 0x311, 8, {0x04, 0x16, 0x04, 0x08, 0x01, 0x68, 0x00, 0x00}},
  {1789, 0x313, 8, {0x00, 0x00, 0x2C, 0x1F, 0xFF, 0xFF, 0x00, 0x00}},
  {1789, 0x540, 8, {0x15, 0x00, 0x80, 0x00, 0x7E, 0x33, 0x00, 0x00}},
  {1790, 0x312, 8, {0x48, 0xD4, 0x2C, 0x1F, 0xFF, 0xFF, 0xF0, 0x00}},
  {1792, 0x447, 8, {0x00, 0x02, 0xBA, 0xA4, 0x00, 0x00, 0x54, 0x38}},
  {1794, 0x12B, 8, {0x00, 0x00, 0x00, 0x00, 0x10, 0x00, 0x00, 0x00}},
  {1798, 0x301, 8, {0x2A, 0x00, 0x00, 0x1E, 0x01, 0xEA, 0x01, 0xBA}},
  {1866, 0x30C, 2, {0x00, 0x00, 0x00, 0x00, 0x00, 0x00, 0x00, 0x00}},
  {1866, 0x302, 8, {0x8C, 0xEA, 0x01, 0x77, 0x8C, 0x19, 0x34, 0x3B}},
  {1870, 0x301, 8, {0x2A, 0x00, 0x00, 0x1E, 0x01, 0xEB, 0x01, 0xBA}},
  {1870, 0x302, 8, {0x8C, 0xEA, 0x01, 0x77, 0x8C, 0x19, 0x34, 0x1C}},
  {1874, 0x12B, 8, {0x00, 0x00, 0x00, 0x00, 0x10, 0x00, 0x00, 0x00}},
  {1878, 0x301, 8, {0x2A, 0x00, 0x00, 0x1E, 0x01, 0xEB, 0x01, 0xBA}},
  {1878, 0x30C, 2, {0x00, 0x00, 0x00, 0x00, 0x00, 0x00, 0x00, 0x00}},
  {1878, 0x310, 8, {0x00, 0x00, 0x20, 0x00, 0x0F, 0x0F, 0x40, 0x00}},
  {1879, 0x311, 8, {0x04, 0x17, 0x04, 0x08, 0x01, 0x68, 0x00, 0x00}},
  {1879, 0x302, 8, {0x8C, 0xEA, 0x01, 0x76, 0x8C, 0x19, 0x34, 0x1C}},
  {1879, 0x313, 8, {0x00, 0x00, 0x2C, 0x34, 0xFF, 0xFF, 0x00, 0x00}},
  {1880, 0x540, 8, {0x15, 0x00, 0x80, 0x00, 0x7E, 0x33, 0x00, 0x00}},
  {1880, 0x314, 5, {0xAC, 0x00, 0x41, 0x1A, 0xE0, 0x00, 0x00, 0x00}},
  {1884, 0x12B, 8, {0x00, 0x00, 0x00, 0x00, 0x10, 0x00, 0x00, 0x00}},
  {1889, 0x301, 8, {0x2A, 0x00, 0x00, 0x1E, 0x01, 0xE9, 0x01, 0xBA}},
  {1889, 0x311, 8, {0x04, 0x17, 0x04, 0x08, 0x01, 0x68, 0x00, 0x00}},
  {1889, 0x310, 8, {0x00, 0x00, 0x20, 0x00, 0x0F, 0x0F, 0x40, 0x00}},
  {1890, 0x302, 8, {0x8C, 0xEA, 0x01, 0x76, 0x8C, 0x19, 0x34, 0x1C}},
  {1890, 0x313, 8, {0x00, 0x00, 0x2C, 0x0B, 0xFF, 0xFF, 0x00, 0x00}},
  {1891, 0x540, 8, {0x15, 0x00, 0x80, 0x00, 0x7E, 0x33, 0x00, 0x00}},
  {1892, 0x447, 8, {0x00, 0x02, 0xBA, 0xA4, 0x00, 0x00, 0x54, 0x38}},
  {1894, 0x12B, 8, {0x00, 0x00, 0x00, 0x00, 0x10, 0x00, 0x00, 0x00}},
  {1898, 0x301, 8, {0x2A, 0x00, 0x00, 0x1D, 0x01, 0xE5, 0x01, 0xBA}},
  {1898, 0x30C, 2, {0x00, 0x00, 0x00, 0x00, 0x00, 0x00, 0x00, 0x00}},
  {1898, 0x310, 8, {0x00, 0x00, 0x20, 0x00, 0x0F, 0x0F, 0x40, 0x00}},
  {1899, 0x302, 8, {0x8C, 0xEA, 0x01, 0x73, 0x8C, 0x19, 0x33, 0xDE}},
  {1899, 0x312, 8, {0x48, 0xD4, 0x2B, 0xB5, 0xFF, 0xFF, 0xF0, 0x00}},
  {1899, 0x314, 5, {0xAC, 0x00, 0x41, 0x1A, 0xE0, 0x00, 0x00, 0x00}},
  {1900, 0x313, 8, {0x00, 0x00, 0x2B, 0xB5, 0xFF, 0xFF, 0x00, 0x00}},
  {1900, 0x316, 8, {0x80, 0x03, 0x69, 0x00, 0x70, 0x00, 0x00, 0x00}},
  {1900, 0x318, 8, {0x00, 0x00, 0x00, 0xFB, 0x07, 0x03, 0x4C, 0x00}},
  {1900, 0x540, 8, {0x15, 0x00, 0x80, 0x00, 0x7E, 0x33, 0x00, 0x00}},
  {1901, 0x542, 8, {0x7B, 0x9F, 0x80, 0x1E, 0x15, 0xC9, 0x80, 0x00}},
  {1901, 0x317, 8, {0x63, 0x15, 0x1A, 0x00, 0x00, 0x00, 0x00, 0x00}},
  {1904, 0x12B, 8, {0x00, 0x00, 0x00, 0x00, 0x10, 0x00, 0x00, 0x00}},
  {1908, 0x301, 8, {0x2B, 0x00, 0x00, 0x1D, 0x01, 0xE5, 0x01, 0xBA}},
  {1908, 0x304, 8, {0x38, 0x10, 0x80, 0x00, 0x80, 0x00, 0x00, 0x00}},
  {1908, 0x310, 8, {0x00, 0x00, 0x20, 0x00, 0x0F, 0x0F, 0x40, 0x00}},
  {1909, 0x311, 8, {0x04, 0x17, 0x04, 0x08, 0x01, 0x68, 0x00, 0x00}},
  {1909, 0x302, 8, {0x8C, 0xEA, 0x01, 0x73, 0x8C, 0x19, 0x33, 0xDE}},
  {1969, 0x313, 8, {0x00, 0x00, 0x2B, 0xB5, 0xFF, 0xFF, 0x00, 0x00}},
  {1969, 0x313, 8, {0x00, 0x00, 0x2B, 0xB5, 0xFF, 0xFF, 0x00, 0x00}},
  {1969, 0x540, 8, {0x15, 0x00, 0x80, 0x00, 0x7E, 0x33, 0x00, 0x00}},
  {1970, 0x542, 8, {0x7B, 0xC9, 0x80, 0x1D, 0x15, 0xC9, 0x80, 0x00}},
  {1974, 0x12B, 8, {0x00, 0x00, 0x00, 0x00, 0x10, 0x00, 0x00, 0x00}},
  {1978, 0x301, 8, {0x2A, 0x00, 0x00, 0x1D, 0x01, 0xE5, 0x01, 0xBA}},
  {1978, 0x30C, 2, {0x00, 0x00, 0x00, 0x00, 0x00, 0x00, 0x00, 0x00}},
  {1978, 0x310, 8, {0x00, 0x00, 0x20, 0x00, 0x0F, 0x0F, 0x40, 0x00}},
  {1979, 0x311, 8, {0x04, 0x18, 0x04, 0x08, 0x01, 0x68, 0x00, 0x00}},
  {1979, 0x302, 8, {0x8C, 0xEA, 0x01, 0x73, 0x8C, 0x19, 0x33, 0x82}},
  {1979, 0x313, 8, {0x00, 0x00, 0x2B, 0xB5, 0xFF, 0xFF, 0x00, 0x00}},
  {1980, 0x540, 8, {0x15, 0x00, 0x80, 0x00, 0x7E, 0x33, 0x00, 0x00}},
  {1980, 0x314, 5, {0xAC, 0x00, 0x41, 0x1A, 0xE0, 0x00, 0x00, 0x00}},
  {1984, 0x12B, 8, {0x00, 0x00, 0x00, 0x00, 0x10, 0x00, 0x00, 0x00}},
  {1988, 0x301, 8, {0x2A, 0x00, 0x00, 0x1E, 0x01, 0xE7, 0x01, 0xBA}},
  {1988, 0x304, 8, {0x38, 0x10, 0x80, 0x00, 0x80, 0x00, 0x00, 0x00}},
  {1988, 0x310, 8, {0x00, 0x00, 0x20, 0x00, 0x0F, 0x0F, 0x40, 0x00}},
  {1989, 0x311, 8, {0x04, 0x19, 0x04, 0x08, 0x01, 0x68, 0x00, 0x00}},
  {1989, 0x302, 8, {0x8C, 0xEA, 0x01, 0x74, 0x8C, 0x19, 0x33, 0x82}},
  {1989, 0x313, 8, {0x00, 0x00, 0x2B, 0xE1, 0xFF, 0xFF, 0x00, 0x00}},
  {1990, 0x542, 8, {0x7B, 0xD5, 0x80, 0x1D, 0x15, 0xC9, 0x80, 0x00}},
  {1990, 0x540, 8, {0x15, 0x00, 0x80, 0x00, 0x7E, 0x33, 0x00, 0x00}},
  {1993, 0x447, 8, {0x00, 0x02, 0xBA, 0xA4, 0x00, 0x00, 0x54, 0x38}},
  {1993, 0x12B, 8, {0x00, 0x00, 0x00, 0x00, 0x10, 0x00, 0x00, 0x00}},
  {1999, 0x301, 8, {0x2A, 0x00, 0x00, 0x1E, 0x01, 0xE7, 0x01, 0xBA}},
  {1999, 0x313, 8, {0x00, 0x00, 0x2B, 0xE1, 0xFF, 0xFF, 0x00, 0x00}},
  {2000, 0x315, 8, {0x00, 0x00, 0x5B, 0x00, 0x00, 0x00, 0x00, 0x00}},
  {2000, 0x302, 8, {0x8C, 0xEB, 0x01, 0x74, 0x8C, 0x19, 0x33, 0x82}},
  {2000, 0x540, 8, {0x15, 0x00, 0x80, 0x00, 0x7E, 0x33, 0x00, 0x00}},
  {2000, 0x542, 8, {0x7B, 0xDB, 0x80, 0x1D, 0x15, 0xC9, 0x80, 0x00}},
  {2004, 0x12B, 8, {0x00, 0x00, 0x00, 0x00, 0x10, 0x00, 0x00, 0x00}},
  {2008, 0x301, 8, {0x2A, 0x00, 0x00, 0x1E, 0x01, 0xE7, 0x01, 0xBA}},
  {2008, 0x304, 8, {0x38, 0x10, 0x80, 0x00, 0x80, 0x00, 0x00, 0x00}},
  {2008, 0x310, 8, {0x00, 0x00, 0x20, 0x00, 0x0F, 0x0F, 0x40, 0x00}},
  {2009, 0x311, 8, {0x04, 0x19, 0x04, 0x08, 0x01, 0x68, 0x00, 0x00}},
  {2009, 0x302, 8, {0x8C, 0xEB, 0x01, 0x74, 0x8C, 0x19, 0x33, 0x82}},
  {2009, 0x313, 8, {0x00, 0x00, 0x2B, 0xE0, 0xFF, 0xFF, 0x00, 0x00}},
  {2010, 0x542, 8, {0x7B, 0xE1, 0x80, 0x1D, 0x15, 0xC9, 0x80, 0x00}},
  {2010, 0x540, 8, {0x15, 0x00, 0x80, 0x00, 0x7E, 0x33, 0x00, 0x00}},
  {2065, 0x12B, 8, {0x00, 0x00, 0x00, 0x00, 0x10, 0x00, 0x00, 0x00}},
  {2066, 0x301, 8, {0x2A, 0x00, 0x00, 0x1E, 0x01, 0xE7, 0x01, 0xBA}},
  {2069, 0x301, 8, {0x2A, 0x00, 0x00, 0x1E, 0x01, 0xEA, 0x01, 0xBA}},
  {2069, 0x313, 8, {0x00, 0x00, 0x2C, 0x0B, 0xFF, 0xFF, 0x00, 0x00}},
  {2070, 0x542, 8, {0x7C, 0x05, 0x80, 0x1D, 0x15, 0xC9, 0x80, 0x00}},
  {2070, 0x302, 8, {0x8C, 0xEB, 0x01, 0x77, 0x8C, 0x19, 0x33, 0xBF}},
  {2074, 0x12B, 8, {0x00, 0x00, 0x00, 0x00, 0x10, 0x00, 0x00, 0x00}},
  {2078, 0x301, 8, {0x2A, 0x00, 0x00, 0x1E, 0x01, 0xE8, 0x01, 0xBA}},
  {2078, 0x30C, 2, {0x00, 0x00, 0x00, 0x00, 0x00, 0x00, 0x00, 0x00}},
  {2078, 0x310, 8, {0x00, 0x00, 0x20, 0x00, 0x0F, 0x0F, 0x40, 0x00}},
  {2079, 0x311, 8, {0x04, 0x1A, 0x04, 0x08, 0x01, 0x68, 0x00, 0x00}},
  {2079, 0x302, 8, {0x8C, 0xEB, 0x01, 0x75, 0x8C, 0x19, 0x33, 0xBF}},
  {2079, 0x313, 8, {0x00, 0x00, 0x2B, 0xE0, 0xFF, 0xFF, 0x00, 0x00}},
  {2080, 0x540, 8, {0x15, 0x00, 0x80, 0x00, 0x7E, 0x33, 0x00, 0x00}},
  {2080, 0x314, 5, {0xAC, 0x00, 0x41, 0x1A, 0xE0, 0x00, 0x00, 0x00}},
  {2084, 0x12B, 8, {0x00, 0x00, 0x00, 0x00, 0x10, 0x00, 0x00, 0x00}},
  {2088, 0x301, 8, {0x2A, 0x00, 0x00, 0x1E, 0x01, 0xE8, 0x01, 0xBA}},
  {2088, 0x304, 8, {0x38, 0x10, 0x80, 0x00, 0x80, 0x00, 0x00, 0x00}},
  {2088, 0x310, 8, {0x00, 0x00, 0x20, 0x00, 0x0F, 0x0F, 0x40, 0x00}},
  {2089, 0x311, 8, {0x04, 0x1A, 0x04, 0x08, 0x01, 0x68, 0x00, 0x00}},
  {2089, 0x302, 8, {0x8C, 0xEB, 0x01, 0x75, 0x8C, 0x19, 0x33, 0xBF}},
  {2089, 0x313, 8, {0x00, 0x00, 0x2B, 0xE0, 0xFF, 0xFF, 0x00, 0x00}},
  {2090, 0x542, 8, {0x7C, 0x11, 0x80, 0x1D, 0x15, 0xC9, 0x80, 0x00}},
  {2090, 0x540, 8, {0x15, 0x00, 0x80, 0x00, 0x7E, 0x33, 0x00, 0x00}},
  {2094, 0x12B, 8, {0x00, 0x00, 0x00, 0x00, 0x10, 0x00, 0x00, 0x00}},
  {2094, 0x447, 8, {0x00, 0x02, 0xBA, 0xA5, 0x00, 0x00, 0x54, 0x38}},
  {2099, 0x301, 8, {0x2B, 0x00, 0x00, 0x1D, 0x01, 0xE6, 0x01, 0xBA}},
  {2099, 0x302, 8, {0x8C, 0xEB, 0x01, 0x74, 0x8C, 0x19, 0x33, 0xBF}},
  {2099, 0x310, 8, {0x00, 0x00, 0x20, 0x00, 0x0F, 0x0F, 0x40, 0x00}},
  {2100, 0x312, 8, {0x48, 0xD8, 0x2B, 0xB6, 0xFF, 0xFF, 0x70, 0x00}},
  {2100, 0x311, 8, {0x04, 0x1A, 0x04, 0x08, 0x01, 0x68, 0x00, 0x00}},
  {2100, 0x314, 5, {0xAC, 0x00, 0x41, 0x1A, 0xE0, 0x00, 0x00, 0x00}},
  {2101, 0x316, 8, {0x80, 0x03, 0x69, 0x00, 0x70, 0x00, 0x00, 0x00}},
  {2101, 0x315, 8, {0x00, 0x00, 0x5B, 0x00, 0x00, 0x00, 0x00, 0x00}},
  {2101, 0x318, 8, {0x00, 0x00, 0x00, 0xFB, 0x07, 0x03, 0x4C, 0x00}},
  {2101, 0x542, 8, {0x7C, 0x17, 0x80, 0x1D, 0x15, 0xC9, 0x80, 0x00}},
  {2102, 0x540, 8, {0x15, 0x00, 0x80, 0x01, 0x7E, 0x33, 0x00, 0x00}},
  {2104, 0x12B, 8, {0x00, 0x00, 0x00, 0x00, 0x10, 0x00, 0x00, 0x00}},
  {2108, 0x301, 8, {0x2B, 0x00, 0x00, 0x1D, 0x01, 0xE6, 0x01, 0xBA}},
  {2108, 0x304, 8, {0x38, 0x10, 0x80, 0x00, 0x80, 0x00, 0x00, 0x00}},
  {2108, 0x310, 8, {0x00, 0x00, 0x20, 0x00, 0x0F, 0x0F, 0x40, 0x00}},
  {2169, 0x311, 8, {0x04, 0x1A, 0x04, 0x08, 0x01, 0x68, 0x00, 0x00}},
  {2170, 0x542, 8, {0x7C, 0x41, 0x80, 0x1C, 0x15, 0xC9, 0x80, 0x00}},
  {2170, 0x302, 8, {0x8C, 0xEB, 0x01, 0x74, 0x8C, 0x19, 0x33, 0x63}},
  {2174, 0x12B, 8, {0x00, 0x00, 0x00, 0x00, 0x10, 0x00, 0x00, 0x00}},
  {2178, 0x301, 8, {0x2B, 0x00, 0x00, 0x1D, 0x01, 0xE5, 0x01, 0xBA}},
  {2178, 0x30C, 2, {0x00, 0x00, 0x00, 0x00, 0x00, 0x00, 0x00, 0x00}},
  {2178, 0x310, 8, {0x00, 0x00, 0x20, 0x00, 0x0F, 0x0F, 0x40, 0x00}},
  {2179, 0x311, 8, {0x04, 0x1B, 0x04, 0x08, 0x01, 0x68, 0x00, 0x00}},
  {2179, 0x302, 8, {0x8C, 0xEB, 0x01, 0x73, 0x8C, 0x19, 0x33, 0x44}},
  {2179, 0x313, 8, {0x00, 0x00, 0x2B, 0x9B, 0xFF, 0xFF, 0x00, 0x00}},
  {2180, 0x540, 8, {0x15, 0x00, 0x80, 0x01, 0x7E, 0x33, 0x00, 0x00}},
  {2180, 0x314, 5, {0xAC, 0x00, 0x41, 0x1A, 0xE0, 0x00, 0x00, 0x00}},
  {2184, 0x12B, 8, {0x00, 0x00, 0x00, 0x00, 0x10, 0x00, 0x00, 0x00}},
  {2188, 0x301, 8, {0x2B, 0x00, 0x00, 0x1D, 0x01, 0xE5, 0x01, 0xBA}},
  {2188, 0x304, 8, {0x38, 0x10, 0x80, 0x00, 0x80, 0x00, 0x00, 0x00}},
  {2188, 0x310, 8, {0x00, 0x00, 0x20, 0x00, 0x0F, 0x0F, 0x40, 0x00}},
  {2189, 0x311, 8, {0x04, 0x1B, 0x04, 0x08, 0x01, 0x68, 0x00, 0x00}},
  {2189, 0x302, 8, {0x8C, 0xEB, 0x01, 0x73, 0x8C, 0x19, 0x33, 0x44}},
  {2189, 0x313, 8, {0x00, 0x00, 0x2B, 0x9B, 0xFF, 0xFF, 0x00, 0x00}},
  {2190, 0x542, 8, {0x7C, 0x4D, 0x80, 0x1C, 0x15, 0xC9, 0x80, 0x00}},
  {2190, 0x540, 8, {0x15, 0x00, 0x80, 0x01, 0x7E, 0x33, 0x00, 0x00}},
  {2194, 0x12B, 8, {0x00, 0x00, 0x00, 0x00, 0x10, 0x00, 0x00, 0x00}},
  {2195, 0x447, 8, {0x00, 0x02, 0xBA, 0xA5, 0x00, 0x00, 0x54, 0x38}},
  {2198, 0x301, 8, {0x2B, 0x00, 0x00, 0x1D, 0x01, 0xE1, 0x01, 0xBA}},
  {2198, 0x30C, 2, {0x00, 0x00, 0x00, 0x00, 0x00, 0x00, 0x00, 0x00}},
  {2198, 0x310, 8, {0x00, 0x00, 0x20, 0x00, 0x0F, 0x0F, 0x40, 0x00}},
  {2199, 0x311, 8, {0x04, 0x1C, 0x04, 0x08, 0x01, 0x67, 0x00, 0x00}},
  {2199, 0x302, 8, {0x8C, 0xEB, 0x01, 0x70, 0x8C, 0x19, 0x33, 0x44}},
  {2199, 0x313, 8, {0x00, 0x00, 0x2B, 0x3C, 0xFF, 0xFF, 0x00, 0x00}},
  {2200, 0x315, 8, {0x00, 0x00, 0x5B, 0x00, 0x00, 0x00, 0x00, 0x00}},
  {2200, 0x316, 8, {0x80, 0x03, 0x69, 0x00, 0x70, 0x00, 0x00, 0x00}},
  {2200, 0x314, 5, {0xAC, 0x00, 0x41, 0x1A, 0xE0, 0x00, 0x00, 0x00}},
  {2200, 0x542, 8, {0x7C, 0x53, 0x80, 0x1C, 0x15, 0xC9, 0x80, 0x00}},
  {2204, 0x12B, 8, {0x00, 0x00, 0x00, 0x00, 0x10, 0x00, 0x00, 0x00}},
  {2208, 0x301, 8, {0x2B, 0x00, 0x00, 0x1D, 0x01, 0xE1, 0x01, 0xBA}},
  {2208, 0x304, 8, {0x38, 0x10, 0x80, 0x00, 0x80, 0x00, 0x00, 0x00}},
  {2208, 0x310, 8, {0x00, 0x00, 0x20, 0x00, 0x0F, 0x0F, 0x40, 0x00}},
  {2209, 0x311, 8, {0x04, 0x1C, 0x04, 0x08, 0x01, 0x67, 0x00, 0x00}},
  {2209, 0x302, 8, {0x8C, 0xEB, 0x01, 0x70, 0x8C, 0x19, 0x33, 0x44}},
  {2273, 0x313, 8, {0x00, 0x00, 0x2B, 0x3C, 0xFF, 0xFF, 0x00, 0x00}},
  {2274, 0x540, 8, {0x15, 0x00, 0x80, 0x00, 0x7E, 0x33, 0x00, 0x00}},
  {2278, 0x301, 8, {0x2B, 0x00, 0x00, 0x1D, 0x01, 0xE1, 0x01, 0xBA}},
  {2278, 0x30C, 2, {0x00, 0x00, 0x00, 0x00, 0x00, 0x00, 0x00, 0x00}},
  {2278, 0x310, 8, {0x00, 0x00, 0x20, 0x00, 0x0F, 0x0F, 0x40, 0x00}},
  {2279, 0x311, 8, {0x04, 0x1D, 0x04, 0x08, 0x01, 0x68, 0x00, 0x00}},
  {2279, 0x302, 8, {0x8C, 0xEB, 0x01, 0x70, 0x8C, 0x19, 0x33, 0x25}},
  {2279, 0x313, 8, {0x00, 0x00, 0x2B, 0x28, 0xFF, 0xFF, 0x00, 0x00}},
  {2280, 0x540, 8, {0x15, 0x00, 0x80, 0x00, 0x7E, 0x33, 0x00, 0x00}},
  {2280, 0x314, 5, {0xAC, 0x00, 0x41, 0x1A, 0xE0, 0x00, 0x00, 0x00}},
  {2284, 0x12B, 8, {0x00, 0x00, 0x00, 0x00, 0x10, 0x00, 0x00, 0x00}},
  {2288, 0x301, 8, {0x2B, 0x00, 0x00, 0x1D, 0x01, 0xE2, 0x01, 0xBA}},
  {2288, 0x303, 8, {0x00, 0x88, 0x8F, 0x8F, 0x87, 0x00, 0x00, 0x80}},
  {2288, 0x304, 8, {0x38, 0x10, 0x80, 0x00, 0x80, 0x00, 0x00, 0x00}},
  {2289, 0x311, 8, {0x04, 0x1D, 0x04, 0x08, 0x01, 0x68, 0x00, 0x00}},
  {2289, 0x312, 8, {0x48, 0xDF, 0x2B, 0x3E, 0xFF, 0xFF, 0xD0, 0x00}},
  {2289, 0x310, 8, {0x00, 0x00, 0x20, 0x00, 0x0F, 0x0F, 0x40, 0x00}},
  {2290, 0x302, 8, {0x8C, 0xEB, 0x01, 0x71, 0x8C, 0x19, 0x33, 0x25}},
  {2290, 0x540, 8, {0x15, 0x00, 0x80, 0x00, 0x7E, 0x33, 0x00, 0x00}},
  {2290, 0x542, 8, {0x79, 0xF3, 0x80, 0x1C, 0x15, 0xC9, 0x80, 0x00}},
  {2294, 0x12B, 8, {0x00, 0x00, 0x00, 0x00, 0x10, 0x00, 0x00, 0x00}},
  {2295, 0x447, 8, {0x00, 0x02, 0xBA, 0xA5, 0x00, 0x00, 0x54, 0x38}},
  {2298, 0x301, 8, {0x2B, 0x00, 0x00, 0x1D, 0x01, 0xD9, 0x01, 0xBA}},
  {2298, 0x304, 8, {0x38, 0x10, 0x80, 0x00, 0x80, 0x00, 0x00, 0x00}},
  {2298, 0x302, 8, {0x8C, 0xEB, 0x01, 0x6A, 0x8C, 0x19, 0x33, 0x25}},
  {2299, 0x30B, 8, {0x00, 0x00, 0x00, 0x00, 0x00, 0x41, 0x3B, 0x3E}},
  {2299, 0x30C, 2, {0x00, 0x00, 0x00, 0x00, 0x00, 0x00, 0x00, 0x00}},
  {2299, 0x311, 8, {0x04, 0x1D, 0x04, 0x08, 0x01, 0x68, 0x00, 0x00}},
  {2300, 0x312, 8, {0x48, 0xDF, 0x2B, 0x54, 0xFF, 0xFF, 0x50, 0x00}},
  {2300, 0x313, 8, {0x00, 0x00, 0x2B, 0x54, 0xFF, 0xFF, 0x00, 0x00}},
  {2300, 0x314, 5, {0xAC, 0x00, 0x41, 0x1A, 0xE0, 0x00, 0x00, 0x00}},
  {2300, 0x316, 8, {0x80, 0x03, 0x69, 0x00, 0x70, 0x00, 0x00, 0x00}},
  {2301, 0x318, 8, {0x00, 0x00, 0x00, 0xFB, 0x07, 0x03, 0x4C, 0x00}},
  {2301, 0x319, 8, {0x00, 0x00, 0x00, 0xE4, 0x01, 0x00, 0x00, 0xCD}},
  {2301, 0x540, 8, {0x15, 0x00, 0x80, 0x00, 0x7E, 0x33, 0x00, 0x00}},
  {2302, 0x317, 8, {0x63, 0x15, 0x1A, 0x00, 0x00, 0x00, 0x00, 0x00}},
  {2304, 0x12B, 8, {0x00, 0x00, 0x00, 0x00, 0x10, 0x00, 0x00, 0x00}},
  {2308, 0x301, 8, {0x2B, 0x00, 0x00, 0x1D, 0x01, 0xD9, 0x01, 0xBA}},
  {2368, 0x304, 8, {0x38, 0x10, 0x80, 0x00, 0x80, 0x00, 0x00, 0x00}},
  {2369, 0x311, 8, {0x04, 0x1E, 0x04, 0x08, 0x01, 0x68, 0x00, 0x00}},
  {2369, 0x313, 8, {0x00, 0x00, 0x2B, 0x5F, 0xFF, 0xFF, 0x00, 0x00}},
  {2369, 0x540, 8, {0x15, 0x00, 0x80, 0x00, 0x7E, 0x33, 0x00, 0x00}},
  {2370, 0x542, 8, {0x79, 0xC3, 0x80, 0x1C, 0x15, 0xC9, 0x80, 0x00}},
  {2370, 0x302, 8, {0x8C, 0xEB, 0x01, 0x6A, 0x8C, 0x19, 0x33, 0x25}},
  {2374, 0x12B, 8, {0x00, 0x00, 0x00, 0x00, 0x10, 0x00, 0x00, 0x00}},
  {2378, 0x301, 8, {0x2B, 0x00, 0x00, 0x1D, 0x01, 0xD9, 0x01, 0xBA}},
  {2378, 0x30C, 2, {0x00, 0x00, 0x00, 0x00, 0x00, 0x00, 0x00, 0x00}},
  {2378, 0x310, 8, {0x00, 0x00, 0x2E, 0x00, 0x0F, 0x0F, 0x40, 0x00}},
  {2379, 0x311, 8, {0x04, 0x1E, 0x04, 0x08, 0x01, 0x68, 0x00, 0x00}},
  {2379, 0x302, 8, {0x8C, 0xEB, 0x01, 0x6A, 0x8C, 0x19, 0x33, 0x06}},
  {2379, 0x313, 8, {0x00, 0x00, 0x2B, 0x5F, 0xFF, 0xFF, 0x00, 0x00}},
  {2380, 0x540, 8, {0x15, 0x00, 0x80, 0x00, 0x7E, 0x33, 0x00, 0x00}},
  {2380, 0x314, 5, {0xAC, 0x00, 0x41, 0x1A, 0xE0, 0x00, 0x00, 0x00}},
  {2384, 0x12B, 8, {0x00, 0x00, 0x00, 0x00, 0x10, 0x00, 0x00, 0x00}},
  {2388, 0x301, 8, {0x2B, 0x00, 0x00, 0x1D, 0x01, 0xD7, 0x01, 0xBA}},
  {2388, 0x304, 8, {0x38, 0x10, 0x80, 0x00, 0x80, 0x00, 0x00, 0x00}},
  {2388, 0x310, 8, {0x00, 0x00, 0x2F, 0x00, 0x0F, 0x0F, 0x40, 0x00}},
  {2389, 0x311, 8, {0x04, 0x1E, 0x04, 0x08, 0x01, 0x68, 0x00, 0x00}},
  {2389, 0x302, 8, {0x8C, 0xEB, 0x01, 0x68, 0x8C, 0x19, 0x33, 0x44}},
  {2389, 0x313, 8, {0x00, 0x00, 0x2B, 0x3E, 0xFF, 0xFF, 0x00, 0x00}},
  {2390, 0x542, 8, {0x79, 0xB7, 0x80, 0x1C, 0x15, 0xC9, 0x80, 0x00}},
  {2390, 0x540, 8, {0x15, 0x00, 0x80, 0x00, 0x7E, 0x33, 0x00, 0x00}},
  {2394, 0x12B, 8, {0x00, 0x00, 0x00, 0x00, 0x10, 0x00, 0x00, 0x00}},
  {2396, 0x447, 8, {0x00, 0x02, 0xBA, 0xA5, 0x00, 0x00, 0x54, 0x38}},
  {2398, 0x301, 8, {0x2B, 0x00, 0x00, 0x1D, 0x01, 0xD7, 0x01, 0xBA}},
  {2398, 0x304, 8, {0x38, 0x10, 0x80, 0x00, 0x80, 0x00, 0x00, 0x00}},
  {2398, 0x310, 8, {0x00, 0x00, 0x2D, 0x00, 0x0F, 0x0F, 0x40, 0x00}},
  {2399, 0x311, 8, {0x04, 0x1E, 0x04, 0x08, 0x01, 0x68, 0x00, 0x00}},
  {2399, 0x312, 8, {0x48, 0xE1, 0x2B, 0x3E, 0xFF, 0xFF, 0xD0, 0x00}},
  {2399, 0x314, 5, {0xAC, 0x00, 0x41, 0x1A, 0xE0, 0x00, 0x00, 0x00}},
  {2400, 0x315, 8, {0x00, 0x00, 0x5F, 0x00, 0x00, 0x00, 0x00, 0x00}},
  {2400, 0x316, 8, {0x80, 0x03, 0x69, 0x00, 0x70, 0x00, 0x00, 0x00}},
  {2400, 0x302, 8, {0x8C, 0xEB, 0x01, 0x68, 0x8C, 0x19, 0x33, 0x44}},
  {2400, 0x542, 8, {0x79, 0xB1, 0x80, 0x1C, 0x15, 0xC9, 0x80, 0x00}},
  {2404, 0x12B, 8, {0x00, 0x00, 0x00, 0x00, 0x10, 0x00, 0x00, 0x00}},
  {2408, 0x301, 8, {0x2B, 0x00, 0x00, 0x1D, 0x01, 0xD6, 0x01, 0xBA}},
  {2469, 0x304, 8, {0x38, 0x10, 0x80, 0x00, 0x80, 0x00, 0x00, 0x00}},
  {2469, 0x313, 8, {0x00, 0x00, 0x2B, 0x29, 0xFF, 0xFF, 0x00, 0x00}},
  {2469, 0x540, 8, {0x15, 0x00, 0x80, 0x00, 0x7E, 0x33, 0x00, 0x00}},
  {2470, 0x542, 8, {0x79, 0x87, 0x80, 0x1C, 0x15, 0xC9, 0x80, 0x00}},
  {2470, 0x302, 8, {0x8C, 0xEB, 0x01, 0x67, 0x8C, 0x19, 0x33, 0x44}},
  {2474, 0x12B, 8, {0x00, 0x00, 0x00, 0x00, 0x10, 0x00, 0x00, 0x00}},
  {2478, 0x301, 8, {0x2B, 0x00, 0x00, 0x1D, 0x01, 0xD6, 0x01, 0xBA}},
  {2478, 0x303, 8, {0x00, 0x88, 0x8F, 0x8F, 0xA6, 0x00, 0x00, 0x80}},
  {2478, 0x304, 8, {0x38, 0x10, 0x80, 0x00, 0x80, 0x00, 0x00, 0x00}},
  {2479, 0x302, 8, {0x8C, 0xEB, 0x01, 0x67, 0x8C, 0x19, 0x33, 0x06}},
  {2479, 0x312, 8, {0x48, 0xE4, 0x2B, 0x35, 0xFF, 0xFF, 0xD0, 0x00}},
  {2479, 0x310, 8, {0x00, 0x00, 0x2F, 0x00, 0x0F, 0x0F, 0x40, 0x00}},
  {2480, 0x540, 8, {0x15, 0x00, 0x80, 0x00, 0x7E, 0x33, 0x00, 0x00}},
  {2480, 0x314, 5, {0xAC, 0x00, 0x41, 0x1A, 0xE0, 0x00, 0x00, 0x00}},
  {2484, 0x12B, 8, {0x00, 0x00, 0x00, 0x00, 0x10, 0x00, 0x00, 0x00}},
  {2488, 0x301, 8, {0x2B, 0x00, 0x00, 0x1D, 0x01, 0xD5, 0x01, 0xBA}},
  {2488, 0x304, 8, {0x38, 0x10, 0x80, 0x00, 0x80, 0x00, 0x00, 0x00}},
  {2488, 0x310, 8, {0x00, 0x00, 0x2F, 0x00, 0x0F, 0x0F, 0x40, 0x00}},
  {2489, 0x311, 8, {0x04, 0x20, 0x04, 0x08, 0x01, 0x68, 0x00, 0x00}},
  {2489, 0x312, 8, {0x48, 0xE4, 0x2B, 0x14, 0xFF, 0xFF, 0x50, 0x00}},
  {2489, 0x302, 8, {0x8C, 0xEB, 0x01, 0x67, 0x8C, 0x19, 0x33, 0x06}},
  {2490, 0x540, 8, {0x15, 0x00, 0x80, 0x00, 0x7E, 0x33, 0x00, 0x00}},
  {2490, 0x542, 8, {0x79, 0x7B, 0x80, 0x1C, 0x15, 0xC9, 0x80, 0x00}},
  {2494, 0x12B, 8, {0x00, 0x00, 0x00, 0x00, 0x10, 0x00, 0x00, 0x00}},
  {2497, 0x447, 8, {0x00, 0x02, 0xBA, 0xA5, 0x00, 0x00, 0x54, 0x38}},
  {2498, 0x301, 8, {0x2B, 0x00, 0x00, 0x1D, 0x01, 0xD5, 0x01, 0xBA}},
  {2498, 0x304, 8, {0x38, 0x10, 0x80, 0x00, 0x80, 0x00, 0x00, 0x00}},
  {2498, 0x310, 8, {0x00, 0x00, 0x2E, 0x00, 0x0F, 0x0F, 0x40, 0x00}},
  {2499, 0x311, 8, {0x04, 0x20, 0x04, 0x08, 0x01, 0x68, 0x00, 0x00}},
  {2499, 0x302, 8, {0x8C, 0xEB, 0x01, 0x67, 0x8C, 0x19, 0x33, 0x06}},
  {2499, 0x313, 8, {0x00, 0x00, 0x2B, 0x14, 0xFF, 0xFF, 0x00, 0x00}},
  {2500, 0x315, 8, {0x00, 0x00, 0x5F, 0x00, 0x00, 0x00, 0x00, 0x00}},
  {2500, 0x316, 8, {0x80, 0x03, 0x69, 0x00, 0x70, 0x00, 0x00, 0x00}},
  {2500, 0x314, 5, {0xAC, 0x00, 0x41, 0x1A, 0xE0, 0x00, 0x00, 0x00}},
  {2500, 0x318, 8, {0x00, 0x00, 0x00, 0xFB, 0x07, 0x03, 0x4C, 0x00}},
  {2501, 0x542, 8, {0x79, 0x75, 0x80, 0x1C, 0x15, 0xC9, 0x80, 0x00}},
  {2501, 0x540, 8, {0x15, 0x00, 0x80, 0x00, 0x7E, 0x33, 0x00, 0x00}},
  {2504, 0x12B, 8, {0x00, 0x00, 0x00, 0x00, 0x10, 0x00, 0x00, 0x00}},
  {2508, 0x301, 8, {0x2B, 0x00, 0x00, 0x1D, 0x01, 0xD3, 0x01, 0xBA}},
  {2568, 0x304, 8, {0x38, 0x10, 0x80, 0x00, 0x80, 0x00, 0x00, 0x00}},
  {2568, 0x304, 8, {0x38, 0x10, 0x80, 0x00, 0x80, 0x00, 0x00, 0x00}},
  {2568, 0x302, 8, {0x8C, 0xEB, 0x01, 0x65, 0x8C, 0x19, 0x33, 0x06}},
  {2569, 0x312, 8, {0x48, 0xE6, 0x2A, 0xA7, 0xFF, 0xFF, 0x50, 0x00}},
  {2569, 0x311, 8, {0x04, 0x21, 0x04, 0x08, 0x01, 0x68, 0x00, 0x00}},
  {2570, 0x540, 8, {0x15, 0x00, 0x80, 0x00, 0x7E, 0x33, 0x00, 0x00}},
  {2569, 0x310, 8, {0x00, 0x00, 0x2E, 0x00, 0x0F, 0x0F, 0x40, 0x00}},
  {2570, 0x542, 8, {0x79, 0x4B, 0x80, 0x1C, 0x15, 0xC9, 0x80, 0x00}},
  {2574, 0x12B, 8, {0x00, 0x00, 0x00, 0x00, 0x10, 0x00, 0x00, 0x00}},
  {2578, 0x301, 8, {0x2B, 0x00, 0x00, 0x1D, 0x01, 0xD0, 0x01, 0xBA}},
  {2578, 0x304, 8, {0x38, 0x10, 0x80, 0x00, 0x80, 0x00, 0x00, 0x00}},
  {2578, 0x310, 8, {0x00, 0x00, 0x2E, 0x00, 0x0F, 0x0F, 0x40, 0x00}},
  {2579, 0x311, 8, {0x04, 0x21, 0x04, 0x08, 0x01, 0x68, 0x00, 0x00}},
  {2579, 0x302, 8, {0x8C, 0xEB, 0x01, 0x63, 0x8C, 0x19, 0x33, 0x06}},
  {2579, 0x313, 8, {0x00, 0x00, 0x2A, 0xBD, 0xFF, 0xFF, 0x00, 0x00}},
  {2580, 0x500, 8, {0x00, 0x00, 0x00, 0x00, 0x00, 0x00, 0x00, 0x00}},
  {2580, 0x314, 5, {0xAC, 0x00, 0x41, 0x1A, 0xE0, 0x00, 0x00, 0x00}},
  {2580, 0x542, 8, {0x79, 0x45, 0x80, 0x1C, 0x15, 0xC9, 0x80, 0x00}},
  {2584, 0x12B, 8, {0x00, 0x00, 0x00, 0x00, 0x10, 0x00, 0x00, 0x00}},
  {2588, 0x301, 8, {0x2B, 0x00, 0x00, 0x1D, 0x01, 0xD0, 0x01, 0xBA}},
  {2588, 0x304, 8, {0x38, 0x10, 0x80, 0x00, 0x80, 0x00, 0x00, 0x00}},
  {2588, 0x310, 8, {0x00, 0x00, 0x2D, 0x00, 0x0F, 0x0F, 0x40, 0x00}},
  {2589, 0x311, 8, {0x04, 0x21, 0x04, 0x08, 0x01, 0x68, 0x00, 0x00}},
  {2589, 0x312, 8, {0x48, 0xE7, 0x2A, 0xBD, 0xFF, 0xFF, 0x50, 0x00}},
  {2589, 0x302, 8, {0x8C, 0xEB, 0x01, 0x63, 0x8C, 0x19, 0x33, 0x06}},
  {2590, 0x540, 8, {0x15, 0x00, 0x80, 0x00, 0x7E, 0x33, 0x00, 0x00}},
  {2590, 0x542, 8, {0x79, 0x3F, 0x80, 0x1C, 0x15, 0xC9, 0x80, 0x00}},
  {2594, 0x12B, 8, {0x00, 0x00, 0x00, 0x00, 0x10, 0x00, 0x00, 0x00}},
  {2597, 0x447, 8, {0x00, 0x02, 0xBA, 0xA5, 0x00, 0x00, 0x54, 0x38}},
  {2598, 0x301, 8, {0x2B, 0x00, 0x00, 0x1D, 0x01, 0xD1, 0x01, 0xBA}},
  {2598, 0x304, 8, {0x38, 0x10, 0x80, 0x00, 0x80, 0x00, 0x00, 0x00}},
  {2598, 0x310, 8, {0x00, 0x00, 0x2D, 0x00, 0x0F, 0x0F, 0x40, 0x00}},
  {2599, 0x311, 8, {0x04, 0x21, 0x04, 0x08, 0x01, 0x68, 0x00, 0x00}},
  {2599, 0x302, 8, {0x8C, 0xEC, 0x01, 0x64, 0x8C, 0x19, 0x32, 0xC8}},
  {2599, 0x313, 8, {0x00, 0x00, 0x2A, 0xD3, 0xFF, 0xFF, 0x00, 0x00}},
  {2600, 0x315, 8, {0x00, 0x00, 0x5F, 0x00, 0x00, 0x00, 0x00, 0x00}},
  {2600, 0x316, 8, {0x80, 0x03, 0x69, 0x00, 0x70, 0x00, 0x00, 0x00}},
  {2660, 0x542, 8, {0x79, 0x39, 0x80, 0x1C, 0x15, 0xC9, 0x80, 0x00}},
  {2660, 0x542, 8, {0x79, 0x15, 0x80, 0x1C, 0x15, 0xC9, 0x80, 0x00}},
  {2660, 0x314, 5, {0xAC, 0x00, 0x40, 0x1A, 0xE0, 0x00, 0x00, 0x00}},
  {2664, 0x12B, 8, {0x00, 0x00, 0x00, 0x00, 0x10, 0x00, 0x00, 0x00}},
  {2664, 0x448, 8, {0x08, 0x35, 0xF9, 0x01, 0x05, 0x3B, 0x0A, 0xA3}},
  {2668, 0x301, 8, {0x2B, 0x00, 0x00, 0x1D, 0x01, 0xD6, 0x01, 0xBA}},
  {2668, 0x304, 8, {0x38, 0x10, 0x80, 0x00, 0x80, 0x00, 0x00, 0x00}},
  {2668, 0x310, 8, {0x00, 0x00, 0x2E, 0x00, 0x0F, 0x0F, 0x40, 0x00}},
  {2669, 0x302, 8, {0x8C, 0xEC, 0x01, 0x67, 0x8C, 0x19, 0x32, 0xC8}},
  {2669, 0x312, 8, {0x48, 0xE7, 0x2B, 0x5F, 0xFF, 0xFF, 0xD0, 0x00}},
  {2669, 0x540, 8, {0x15, 0x00, 0x80, 0x00, 0x7E, 0x33, 0x00, 0x00}},
  {2670, 0x542, 8, {0x79, 0x0F, 0x80, 0x1C, 0x15, 0xC9, 0x80, 0x00}},
  {2670, 0x313, 8, {0x00, 0x00, 0x2B, 0x5F, 0xFF, 0xFF, 0x00, 0x00}},
  {2674, 0x12B, 8, {0x00, 0x00, 0x00, 0x00, 0x10, 0x00, 0x00, 0x00}},
  {2678, 0x301, 8, {0x2B, 0x00, 0x00, 0x1D, 0x01, 0xD8, 0x01, 0xBA}},
  {2678, 0x304, 8, {0x38, 0x10, 0x80, 0x00, 0x80, 0x00, 0x00, 0x00}},
  {2678, 0x310, 8, {0x00, 0x00, 0x2E, 0x00, 0x0F, 0x0F, 0x40, 0x00}},
  {2679, 0x311, 8, {0x04, 0x23, 0x04, 0x08, 0x01, 0x68, 0x00, 0x00}},
  {2679, 0x302, 8, {0x8C, 0xEC, 0x01, 0x69, 0x8C, 0x19, 0x32, 0xC8}},
  {2679, 0x313, 8, {0x00, 0x00, 0x2B, 0x8A, 0xFF, 0xFF, 0x00, 0x00}},
  {2680, 0x540, 8, {0x15, 0x00, 0x80, 0x00, 0x7E, 0x33, 0x00, 0x00}},
  {2680, 0x542, 8, {0x79, 0x09, 0x80, 0x1C, 0x15, 0xC9, 0x80, 0x00}},
  {2680, 0x314, 5, {0xAC, 0x00, 0x40, 0x1A, 0xE0, 0x00, 0x00, 0x00}},
  {2684, 0x12B, 8, {0x00, 0x00, 0x00, 0x00, 0x10, 0x00, 0x00, 0x00}},
  {2688, 0x301, 8, {0x2A, 0x00, 0x00, 0x1D, 0x01, 0xD8, 0x01, 0xBA}},
  {2688, 0x304, 8, {0x38, 0x10, 0x80, 0x00, 0x80, 0x00, 0x00, 0x00}},
  {2688, 0x310, 8, {0x00, 0x00, 0x2D, 0x00, 0x0F, 0x0F, 0x40, 0x00}},
  {2689, 0x311, 8, {0x04, 0x23, 0x04, 0x08, 0x01, 0x68, 0x00, 0x00}},
  {2689, 0x312, 8, {0x48, 0xE7, 0x2B, 0x8A, 0xFF, 0xFF, 0xF0, 0x00}},
  {2689, 0x302, 8, {0x8C, 0xEC, 0x01, 0x69, 0x8C, 0x19, 0x32, 0xC8}},
  {2690, 0x540, 8, {0x15, 0x00, 0x80, 0x00, 0x7E, 0x33, 0x00, 0x00}},
  {2690, 0x542, 8, {0x7B, 0x99, 0x80, 0x1C, 0x15, 0xC9, 0x80, 0x00}},
  {2694, 0x12B, 8, {0x00, 0x00, 0x00, 0x00, 0x10, 0x00, 0x00, 0x00}},
  {2698, 0x447, 8, {0x00, 0x02, 0xBA, 0xA5, 0x00, 0x00, 0x54, 0x38}},
  {2698, 0x304, 8, {0x38, 0x10, 0x80, 0x00, 0x80, 0x00, 0x00, 0x00}},
  {2698, 0x310, 8, {0x00, 0x00, 0x2D, 0x00, 0x0F, 0x0F, 0x40, 0x00}},
  {2699, 0x311, 8, {0x04, 0x23, 0x04, 0x08, 0x01, 0x68, 0x00, 0x00}},
  {2699, 0x312, 8, {0x48, 0xE7, 0x2B, 0xA0, 0xFF, 0xFF, 0x70, 0x00}},
  {2699, 0x301, 8, {0x2A, 0x00, 0x00, 0x1D, 0x01, 0xE2, 0x01, 0xBA}},
  {2700, 0x314, 5, {0xAC, 0x00, 0x40, 0x1A, 0xE0, 0x00, 0x00, 0x00}},
  {2767, 0x316, 8, {0x80, 0x03, 0x69, 0x00, 0x70, 0x00, 0x00, 0x00}},
  {2767, 0x315, 8, {0x00, 0x00, 0x5F, 0x00, 0x00, 0x00, 0x00, 0x00}},
  {2768, 0x301, 8, {0x2A, 0x00, 0x00, 0x1E, 0x01, 0xE7, 0x01, 0xBA}},
  {2768, 0x303, 8, {0x00, 0x8B, 0x8F, 0x8F, 0x1D, 0x00, 0x00, 0x80}},
  {2768, 0x30C, 2, {0x00, 0x00, 0x00, 0x00, 0x00, 0x00, 0x00, 0x00}},
  {2768, 0x310, 8, {0x00, 0x00, 0x2E, 0x00, 0x0F, 0x0F, 0x40, 0x00}},
  {2769, 0x311, 8, {0x04, 0x24, 0x04, 0x08, 0x01, 0x68, 0x00, 0x00}},
  {2769, 0x302, 8, {0x8C, 0xEC, 0x01, 0x74, 0x8C, 0x19, 0x33, 0x44}},
  {2769, 0x313, 8, {0x00, 0x00, 0x2B, 0xF6, 0xFF, 0xFF, 0x00, 0x00}},
  {2770, 0x542, 8, {0x7B, 0xC9, 0x80, 0x1C, 0x15, 0xC9, 0x80, 0x00}},
  {2770, 0x540, 8, {0x15, 0x00, 0x80, 0x00, 0x7E, 0x33, 0x00, 0x00}},
  {2774, 0x12B, 8, {0x00, 0x00, 0x00, 0x00, 0x10, 0x00, 0x00, 0x00}},
  {2778, 0x301, 8, {0x2A, 0x00, 0x00, 0x1E, 0x01, 0xE7, 0x01, 0xBA}},
  {2778, 0x304, 8, {0x38, 0x10, 0x80, 0x00, 0x80, 0x00, 0x00, 0x00}},
  {2778, 0x310, 8, {0x00, 0x00, 0x2E, 0x00, 0x0F, 0x0F, 0x40, 0x00}},
  {2779, 0x311, 8, {0x04, 0x24, 0x04, 0x08, 0x01, 0x68, 0x00, 0x00}},
  {2779, 0x302, 8, {0x8C, 0xEC, 0x01, 0x74, 0x8C, 0x19, 0x33, 0x44}},
  {2779, 0x313, 8, {0x00, 0x00, 0x2B, 0xF6, 0xFF, 0xFF, 0x00, 0x00}},
  {2780, 0x540, 8, {0x15, 0x00, 0x80, 0x00, 0x7E, 0x33, 0x00, 0x00}},
  {2780, 0x314, 5, {0xAC, 0x00, 0x40, 0x1A, 0xE0, 0x00, 0x00, 0x00}},
  {2784, 0x12B, 8, {0x00, 0x00, 0x00, 0x00, 0x10, 0x00, 0x00, 0x00}},
  {2788, 0x301, 8, {0x2A, 0x00, 0x00, 0x1E, 0x01, 0xE8, 0x01, 0xBA}},
  {2789, 0x30C, 2, {0x00, 0x00, 0x00, 0x00, 0x00, 0x00, 0x00, 0x00}},
  {2789, 0x312, 8, {0x48, 0xE5, 0x2C, 0x0C, 0xFF, 0xFF, 0xF0, 0x00}},
  {2789, 0x540, 8, {0x15, 0x00, 0x80, 0x00, 0x7E, 0x33, 0x00, 0x00}},
  {2790, 0x302, 8, {0x8C, 0xEC, 0x01, 0x75, 0x8C, 0x19, 0x33, 0x44}},
  {2794, 0x12B, 8, {0x00, 0x00, 0x00, 0x00, 0x10, 0x00, 0x00, 0x00}},
  {2802, 0x301, 8, {0x2A, 0x00, 0x00, 0x1E, 0x01, 0xE8, 0x01, 0xBA}},
  {2803, 0x302, 8, {0x8C, 0xEC, 0x01, 0x75, 0x8C, 0x19, 0x33, 0x44}},
  {2804, 0x12B, 8, {0x00, 0x00, 0x00, 0x00, 0x10, 0x00, 0x00, 0x00}},
  {2808, 0x301, 8, {0x2A, 0x00, 0x00, 0x1E, 0x01, 0xE8, 0x01, 0xBA}},
  {2808, 0x304, 8, {0x38, 0x10, 0x80, 0x00, 0x80, 0x00, 0x00, 0x00}},
  {2808, 0x310, 8, {0x00, 0x00, 0x2D, 0x00, 0x0F, 0x0F, 0x40, 0x00}},
  {2809, 0x302, 8, {0x8C, 0xEC, 0x01, 0x75, 0x8C, 0x19, 0x33, 0x82}},
  {2809, 0x312, 8, {0x48, 0xE4, 0x2C, 0x09, 0xFF, 0xFF, 0xF0, 0x00}},
  {2810, 0x540, 8, {0x15, 0x00, 0x80, 0x00, 0x7E, 0x33, 0x00, 0x00}},
  {2810, 0x313, 8, {0x00, 0x00, 0x2C, 0x09, 0xFF, 0xFF, 0x00, 0x00}},
  {2814, 0x12B, 8, {0x00, 0x00, 0x00, 0x00, 0x10, 0x00, 0x00, 0x00}},
  {2818, 0x301, 8, {0x2A, 0x00, 0x00, 0x1E, 0x01, 0xEA, 0x01, 0xBA}},
  {2818, 0x304, 8, {0x38, 0x10, 0x80, 0x00, 0x80, 0x00, 0x00, 0x00}},
  {2875, 0x302, 8, {0x8C, 0xEC, 0x01, 0x77, 0x8C, 0x19, 0x33, 0x82}},
  {2875, 0x310, 8, {0x00, 0x00, 0x2E, 0x00, 0x0F, 0x0F, 0x40, 0x00}},
  {2878, 0x301, 8, {0x29, 0x00, 0x00, 0x1E, 0x01, 0xEE, 0x01, 0xBA}},
  {2878, 0x304, 8, {0x38, 0x10, 0x80, 0x00, 0x80, 0x00, 0x00, 0x00}},
  {2878, 0x310, 8, {0x00, 0x00, 0x2E, 0x00, 0x0F, 0x0F, 0x40, 0x00}},
  {2879, 0x302, 8, {0x8C, 0xEC, 0x01, 0x7A, 0x8C, 0x19, 0x33, 0xFD}},
  {2879, 0x312, 8, {0x48, 0xE3, 0x2C, 0x75, 0xFF, 0xFF, 0xF0, 0x00}},
  {2879, 0x314, 5, {0xAC, 0x00, 0x40, 0x1A, 0xE0, 0x00, 0x00, 0x00}},
  {2880, 0x313, 8, {0x00, 0x00, 0x2C, 0x75, 0xFF, 0xFF, 0x00, 0x00}},
  {2880, 0x542, 8, {0x7C, 0x0B, 0x80, 0x1C, 0x15, 0xC9, 0x80, 0x00}},
  {2884, 0x12B, 8, {0x00, 0x00, 0x00, 0x00, 0x10, 0x00, 0x00, 0x00}},
  {2888, 0x301, 8, {0x29, 0x00, 0x00, 0x1E, 0x01, 0xEE, 0x01, 0xBA}},
  {2888, 0x304, 8, {0x38, 0x10, 0x80, 0x00, 0x80, 0x00, 0x00, 0x00}},
  {2888, 0x302, 8, {0x8C, 0xEC, 0x01, 0x7A, 0x8C, 0x19, 0x33, 0xFD}},
  {2889, 0x312, 8, {0x48, 0xE2, 0x2C, 0x75, 0xFF, 0xFF, 0x70, 0x00}},
  {2889, 0x311, 8, {0x04, 0x25, 0x04, 0x08, 0x01, 0x68, 0x00, 0x00}},
  {2889, 0x310, 8, {0x00, 0x00, 0x2D, 0x00, 0x0F, 0x0F, 0x40, 0x00}},
  {2890, 0x540, 8, {0x15, 0x00, 0x80, 0x00, 0x7E, 0x33, 0x00, 0x00}},
  {2890, 0x542, 8, {0x7C, 0x11, 0x80, 0x1C, 0x15, 0xC9, 0x80, 0x00}},
  {2894, 0x12B, 8, {0x00, 0x00, 0x00, 0x00, 0x10, 0x00, 0x00, 0x00}},
  {2898, 0x301, 8, {0x29, 0x00, 0x00, 0x1E, 0x01, 0xF0, 0x01, 0xBA}},
  {2898, 0x302, 8, {0x8C, 0xEC, 0x01, 0x7B, 0x8C, 0x19, 0x33, 0xFD}},
  {2898, 0x304, 8, {0x38, 0x10, 0x80, 0x00, 0x80, 0x00, 0x00, 0x00}},
  {2899, 0x30C, 2, {0x00, 0x00, 0x00, 0x00, 0x00, 0x00, 0x00, 0x00}},
  {2899, 0x311, 8, {0x04, 0x26, 0x04, 0x08, 0x01, 0x68, 0x00, 0x00}},
  {2899, 0x313, 8, {0x00, 0x00, 0x2C, 0xA0, 0xFF, 0xFF, 0x00, 0x00}},
  {2900, 0x314, 5, {0xAC, 0x00, 0x41, 0x1A, 0xE0, 0x00, 0x00, 0x00}},
  {2903, 0x316, 8, {0x80, 0x03, 0x69, 0x00, 0x70, 0x00, 0x00, 0x00}},
  {2903, 0x312, 8, {0x48, 0xE2, 0x2C, 0xA0, 0xFF, 0xFF, 0xF0, 0x00}},
  {2908, 0x301, 8, {0x29, 0x00, 0x00, 0x1E, 0x01, 0xF1, 0x01, 0xBA}},
  {2908, 0x304, 8, {0x38, 0x10, 0x80, 0x00, 0x80, 0x00, 0x00, 0x00}},
  {2908, 0x302, 8, {0x8C, 0xEC, 0x01, 0x7C, 0x8C, 0x19, 0x33, 0xFD}},
  {2909, 0x312, 8, {0x48, 0xE2, 0x2C, 0xB5, 0xFF, 0xFF, 0x70, 0x00}},
  {2909, 0x313, 8, {0x00, 0x00, 0x2C, 0xB5, 0xFF, 0xFF, 0x00, 0x00}},
  {2909, 0x310, 8, {0x00, 0x00, 0x2E, 0x00, 0x0F, 0x0F, 0x40, 0x00}},
  {2910, 0x311, 8, {0x04, 0x26, 0x04, 0x08, 0x01, 0x68, 0x00, 0x00}},
  {2910, 0x542, 8, {0x7C, 0x1D, 0x80, 0x1C, 0x15, 0xC9, 0x80, 0x00}},
  {2914, 0x12B, 8, {0x00, 0x00, 0x00, 0x00, 0x10, 0x00, 0x00, 0x00}},
  {2976, 0x301, 8, {0x29, 0x00, 0x00, 0x1E, 0x01, 0xF1, 0x01, 0xBA}},
  {2976, 0x302, 8, {0x8C, 0xEC, 0x01, 0x7C, 0x8C, 0x19, 0x33, 0xFD}},
  {2978, 0x301, 8, {0x29, 0x00, 0x00, 0x1E, 0x01, 0xF7, 0x01, 0xBA}},
  {2978, 0x303, 8, {0x00, 0x88, 0x8F, 0x8F, 0x1D, 0x00, 0x00, 0x80}},
  {2978, 0x304, 8, {0x38, 0x10, 0x80, 0x00, 0x80, 0x00, 0x00, 0x00}},
  {2979, 0x311, 8, {0x04, 0x27, 0x04, 0x08, 0x01, 0x68, 0x00, 0x00}},
  {2979, 0x302, 8, {0x8C, 0xEC, 0x01, 0x81, 0x8C, 0x19, 0x34, 0x1C}},
  {2979, 0x310, 8, {0x00, 0x00, 0x2F, 0x00, 0x0F, 0x0F, 0x40, 0x00}},
  {2980, 0x313, 8, {0x00, 0x00, 0x2D, 0x15, 0xFF, 0xFF, 0x00, 0x00}},
  {2980, 0x540, 8, {0x15, 0x00, 0x80, 0x00, 0x7E, 0x33, 0x00, 0x00}},
  {2980, 0x314, 5, {0xAC, 0x00, 0x42, 0x1A, 0xE0, 0x00, 0x00, 0x00}},
  {2984, 0x12B, 8, {0x00, 0x00, 0x00, 0x00, 0x10, 0x00, 0x00, 0x00}},
  {2988, 0x301, 8, {0x29, 0x00, 0x00, 0x1E, 0x01, 0xF4, 0x01, 0xBA}},
  {2988, 0x304, 8, {0x38, 0x10, 0x80, 0x00, 0x80, 0x00, 0x00, 0x00}},
  {2988, 0x302, 8, {0x8C, 0xEC, 0x01, 0x7E, 0x8C, 0x19, 0x34, 0x1C}},
  {2989, 0x312, 8, {0x48, 0xE0, 0x2C, 0xCB, 0xFF, 0xFF, 0x70, 0x00}},
  {2989, 0x313, 8, {0x00, 0x00, 0x2C, 0xCB, 0xFF, 0xFF, 0x00, 0x00}},
  {2989, 0x310, 8, {0x00, 0x00, 0x2F, 0x00, 0x0F, 0x0F, 0x40, 0x00}},
  {2990, 0x311, 8, {0x04, 0x27, 0x04, 0x08, 0x01, 0x68, 0x00, 0x00}},
  {2990, 0x542, 8, {0x7C, 0x4D, 0x80, 0x1D, 0x15, 0xC9, 0x80, 0x00}},
  {2994, 0x12B, 8, {0x00, 0x00, 0x00, 0x00, 0x10, 0x00, 0x00, 0x00}},
  {2998, 0x301, 8, {0x2A, 0x00, 0x00, 0x1E, 0x01, 0xF0, 0x01, 0xBA}},
  {2998, 0x304, 8, {0x38, 0x10, 0x80, 0x00, 0x80, 0x00, 0x00, 0x00}},
  {2998, 0x302, 8, {0x8C, 0xEC, 0x01, 0x7B, 0x8C, 0x19, 0x34, 0x1C}},
  {2999, 0x312, 8, {0x48, 0xE0, 0x2C, 0x76, 0xFF, 0xFF, 0xF0, 0x00}},
  {2999, 0x311, 8, {0x04, 0x27, 0x04, 0x08, 0x01, 0x68, 0x00, 0x00}},
  {2999, 0x310, 8, {0x00, 0x00, 0x2E, 0x00, 0x0F, 0x0F, 0x40, 0x00}},
};

// Generated from /Users/hiteshyadav/Downloads/d400_capture 18.csv
// Source stage: wheel_fast, first 3000 ms, normalized to offset 0.
// This preserves real wheel-speed payload counters/checksums for cluster bench testing.

static const BenchSequenceFrameDef BENCH_SEQUENCE_WHEEL_FAST_REAL[] PROGMEM = {
  {0, 0x301, 8, {0x00, 0x00, 0x00, 0x85, 0x00, 0x00, 0x00, 0xB6}},
  {0, 0x313, 8, {0x00, 0x00, 0xBF, 0xFD, 0xFF, 0xFF, 0x00, 0x00}},
  {1, 0x302, 8, {0x8B, 0xA5, 0x00, 0x00, 0x8B, 0xCA, 0x5B, 0x32}},
  {1, 0x542, 8, {0x80, 0x00, 0x80, 0x00, 0x86, 0xCE, 0x80, 0x00}},
  {4, 0x12B, 8, {0x00, 0x00, 0x00, 0x00, 0x10, 0x00, 0x00, 0x00}},
  {9, 0x301, 8, {0x00, 0x00, 0x00, 0x85, 0x00, 0x00, 0x00, 0xB6}},
  {9, 0x30C, 2, {0x00, 0x00, 0x00, 0x00, 0x00, 0x00, 0x00, 0x00}},
  {9, 0x310, 8, {0x00, 0x00, 0x00, 0x00, 0x00, 0x00, 0x00, 0x00}},
  {10, 0x311, 8, {0x00, 0x00, 0x00, 0x00, 0x01, 0x70, 0x00, 0x00}},
  {10, 0x312, 8, {0x40, 0x00, 0xBF, 0xFD, 0xFF, 0xFF, 0x40, 0x00}},
  {10, 0x313, 8, {0x00, 0x00, 0xBF, 0xFD, 0xFF, 0xFF, 0x00, 0x00}},
  {11, 0x302, 8, {0x8B, 0xA5, 0x00, 0x00, 0x8B, 0xCA, 0x5B, 0x32}},
  {11, 0x447, 8, {0x00, 0x02, 0x9C, 0x26, 0x00, 0x00, 0x54, 0x80}},
  {11, 0x540, 8, {0x15, 0x00, 0x80, 0x00, 0x7D, 0x76, 0x00, 0x00}},
  {13, 0x12B, 8, {0x00, 0x00, 0x00, 0x00, 0x10, 0x00, 0x00, 0x00}},
  {19, 0x301, 8, {0x00, 0x00, 0x00, 0x85, 0x00, 0x00, 0x00, 0xB6}},
  {19, 0x304, 8, {0x08, 0x00, 0x00, 0x00, 0x80, 0x00, 0x00, 0x00}},
  {19, 0x310, 8, {0x00, 0x00, 0x00, 0x00, 0x00, 0x00, 0x00, 0x00}},
  {20, 0x311, 8, {0x00, 0x00, 0x00, 0x00, 0x01, 0x70, 0x00, 0x00}},
  {20, 0x302, 8, {0x8B, 0xA5, 0x00, 0x00, 0x8B, 0xCA, 0x5B, 0x32}},
  {20, 0x312, 8, {0x40, 0x00, 0xBF, 0xFD, 0xFF, 0xFF, 0x40, 0x00}},
  {20, 0x313, 8, {0x00, 0x00, 0xBF, 0xFD, 0xFF, 0xFF, 0x00, 0x00}},
  {21, 0x540, 8, {0x15, 0x00, 0x80, 0x00, 0x7D, 0x76, 0x00, 0x00}},
  {21, 0x542, 8, {0x80, 0x00, 0x80, 0x00, 0x86, 0xCE, 0x80, 0x00}},
  {24, 0x12B, 8, {0x00, 0x00, 0x00, 0x00, 0x10, 0x00, 0x00, 0x00}},
  {69, 0x301, 8, {0x00, 0x00, 0x00, 0x85, 0x00, 0x00, 0x00, 0xB6}},
  {69, 0x304, 8, {0x08, 0x00, 0x00, 0x00, 0x80, 0x00, 0x00, 0x00}},
  {69, 0x310, 8, {0x00, 0x00, 0x00, 0x00, 0x00, 0x00, 0x00, 0x00}},
  {70, 0x311, 8, {0x00, 0x00, 0x00, 0x00, 0x01, 0x70, 0x00, 0x00}},
  {70, 0x312, 8, {0x40, 0x00, 0xBF, 0xFD, 0xFF, 0xFF, 0x40, 0x00}},
  {70, 0x313, 8, {0x00, 0x00, 0xBF, 0xFD, 0xFF, 0xFF, 0x00, 0x00}},
  {70, 0x314, 5, {0xB5, 0x00, 0x00, 0x1C, 0x48, 0x00, 0x00, 0x00}},
  {71, 0x500, 8, {0x00, 0x00, 0x00, 0x00, 0x00, 0x00, 0x00, 0x00}},
  {71, 0x540, 8, {0x15, 0x00, 0x80, 0x00, 0x7D, 0x76, 0x00, 0x00}},
  {71, 0x542, 8, {0x80, 0x00, 0x80, 0x00, 0x86, 0xCE, 0x80, 0x00}},
  {71, 0x302, 8, {0x8B, 0xA5, 0x00, 0x00, 0x8B, 0xCA, 0x5B, 0x32}},
  {75, 0x12B, 8, {0x00, 0x00, 0x00, 0x00, 0x10, 0x00, 0x00, 0x00}},
  {79, 0x301, 8, {0x00, 0x00, 0x00, 0x85, 0x00, 0x00, 0x00, 0xB6}},
  {79, 0x304, 8, {0x08, 0x00, 0x00, 0x00, 0x80, 0x00, 0x00, 0x00}},
  {80, 0x302, 8, {0x8B, 0xA5, 0x00, 0x00, 0x8B, 0xCA, 0x5B, 0x32}},
  {80, 0x311, 8, {0x00, 0x00, 0x00, 0x00, 0x01, 0x70, 0x00, 0x00}},
  {80, 0x312, 8, {0x40, 0x00, 0xBF, 0xFD, 0xFF, 0xFF, 0x40, 0x00}},
  {81, 0x540, 8, {0x15, 0x00, 0x80, 0x00, 0x7D, 0x76, 0x00, 0x00}},
  {81, 0x542, 8, {0x80, 0x00, 0x80, 0x00, 0x86, 0xCE, 0x80, 0x00}},
  {83, 0x12B, 8, {0x00, 0x00, 0x00, 0x00, 0x10, 0x00, 0x00, 0x00}},
  {142, 0x301, 8, {0x00, 0x00, 0x00, 0x85, 0x00, 0x00, 0x00, 0xB6}},
  {143, 0x302, 8, {0x8B, 0xA5, 0x00, 0x00, 0x8B, 0xCA, 0x5B, 0x32}},
  {149, 0x301, 8, {0x00, 0x00, 0x00, 0x85, 0x00, 0x00, 0x00, 0xB6}},
  {149, 0x304, 8, {0x08, 0x00, 0x00, 0x00, 0x80, 0x00, 0x00, 0x00}},
  {149, 0x302, 8, {0x8B, 0xA5, 0x00, 0x00, 0x8B, 0xCA, 0x5B, 0x32}},
  {150, 0x310, 8, {0x00, 0x00, 0x00, 0x00, 0x00, 0x00, 0x00, 0x00}},
  {150, 0x311, 8, {0x00, 0x00, 0x00, 0x00, 0x01, 0x70, 0x00, 0x00}},
  {150, 0x312, 8, {0x40, 0x00, 0xBF, 0xFD, 0xFF, 0xFF, 0x40, 0x00}},
  {150, 0x313, 8, {0x00, 0x00, 0xBF, 0xFD, 0xFF, 0xFF, 0x00, 0x00}},
  {150, 0x314, 5, {0xB5, 0x00, 0x00, 0x1C, 0x48, 0x00, 0x00, 0x00}},
  {151, 0x540, 8, {0x15, 0x00, 0x80, 0x00, 0x7D, 0x76, 0x00, 0x00}},
  {151, 0x542, 8, {0x80, 0x00, 0x80, 0x00, 0x86, 0xCE, 0x80, 0x00}},
  {153, 0x12B, 8, {0x00, 0x00, 0x00, 0x00, 0x10, 0x00, 0x00, 0x00}},
  {159, 0x301, 8, {0x00, 0x00, 0x00, 0x85, 0x00, 0x00, 0x00, 0xB6}},
  {159, 0x302, 8, {0x8B, 0xA5, 0x00, 0x00, 0x8B, 0xCA, 0x5B, 0x32}},
  {159, 0x304, 8, {0x08, 0x00, 0x00, 0x00, 0x80, 0x00, 0x00, 0x00}},
  {159, 0x310, 8, {0x00, 0x00, 0x00, 0x00, 0x00, 0x00, 0x00, 0x00}},
  {160, 0x311, 8, {0x00, 0x00, 0x00, 0x00, 0x01, 0x70, 0x00, 0x00}},
  {160, 0x312, 8, {0x40, 0x00, 0xBF, 0xFD, 0xFF, 0xFF, 0x40, 0x00}},
  {160, 0x313, 8, {0x00, 0x00, 0xBF, 0xFD, 0xFF, 0xFF, 0x00, 0x00}},
  {160, 0x540, 8, {0x15, 0x00, 0x80, 0x01, 0x7D, 0x76, 0x00, 0x00}},
  {161, 0x542, 8, {0x80, 0x00, 0x80, 0x00, 0x86, 0xCE, 0x80, 0x00}},
  {162, 0x12B, 8, {0x00, 0x00, 0x00, 0x00, 0x10, 0x00, 0x00, 0x00}},
  {169, 0x301, 8, {0x00, 0x00, 0x00, 0x85, 0x00, 0x00, 0x00, 0xB6}},
  {169, 0x304, 8, {0x08, 0x00, 0x00, 0x00, 0x80, 0x00, 0x00, 0x00}},
  {169, 0x302, 8, {0x8B, 0xA5, 0x00, 0x00, 0x8B, 0xCA, 0x5B, 0x32}},
  {169, 0x310, 8, {0x00, 0x00, 0x00, 0x00, 0x00, 0x00, 0x00, 0x00}},
  {170, 0x311, 8, {0x00, 0x00, 0x00, 0x00, 0x01, 0x70, 0x00, 0x00}},
  {170, 0x312, 8, {0x40, 0x00, 0xBF, 0xFD, 0xFF, 0xFF, 0x40, 0x00}},
  {170, 0x313, 8, {0x00, 0x00, 0xBF, 0xFD, 0xFF, 0xFF, 0x00, 0x00}},
  {170, 0x314, 5, {0xB5, 0x00, 0x00, 0x1C, 0x48, 0x00, 0x00, 0x00}},
  {171, 0x540, 8, {0x15, 0x00, 0x80, 0x00, 0x7D, 0x76, 0x00, 0x00}},
  {171, 0x542, 8, {0x80, 0x00, 0x80, 0x00, 0x86, 0xCE, 0x80, 0x00}},
  {172, 0x12B, 8, {0x00, 0x00, 0x00, 0x00, 0x10, 0x00, 0x00, 0x00}},
  {179, 0x301, 8, {0x00, 0x00, 0x00, 0x85, 0x00, 0x00, 0x00, 0xB6}},
  {179, 0x304, 8, {0x08, 0x00, 0x00, 0x00, 0x80, 0x00, 0x00, 0x00}},
  {179, 0x302, 8, {0x8B, 0xA5, 0x00, 0x00, 0x8B, 0xCA, 0x5B, 0x32}},
  {179, 0x310, 8, {0x00, 0x00, 0x00, 0x00, 0x00, 0x00, 0x00, 0x00}},
  {180, 0x311, 8, {0x00, 0x00, 0x00, 0x00, 0x01, 0x70, 0x00, 0x00}},
  {180, 0x312, 8, {0x40, 0x00, 0xBF, 0xFD, 0xFF, 0xFF, 0x40, 0x00}},
  {180, 0x313, 8, {0x00, 0x00, 0xBF, 0xFD, 0xFF, 0xFF, 0x00, 0x00}},
  {180, 0x540, 8, {0x15, 0x00, 0x80, 0x00, 0x7D, 0x76, 0x00, 0x00}},
  {181, 0x542, 8, {0x80, 0x00, 0x80, 0x00, 0x86, 0xCE, 0x80, 0x00}},
  {182, 0x12B, 8, {0x00, 0x00, 0x00, 0x00, 0x10, 0x00, 0x00, 0x00}},
  {189, 0x301, 8, {0x00, 0x00, 0x00, 0x85, 0x00, 0x00, 0x00, 0xB6}},
  {189, 0x304, 8, {0x08, 0x00, 0x00, 0x00, 0x80, 0x00, 0x00, 0x00}},
  {189, 0x30A, 8, {0x27, 0x2E, 0x00, 0x00, 0x00, 0x00, 0x00, 0x00}},
  {189, 0x30B, 8, {0x00, 0x00, 0x00, 0x00, 0x00, 0x41, 0x2D, 0xE1}},
  {190, 0x302, 8, {0x8B, 0xA5, 0x00, 0x00, 0x8B, 0xCA, 0x5B, 0x32}},
  {190, 0x310, 8, {0x00, 0x00, 0x00, 0x00, 0x00, 0x00, 0x00, 0x00}},
  {190, 0x311, 8, {0x00, 0x00, 0x00, 0x00, 0x01, 0x70, 0x00, 0x00}},
  {190, 0x312, 8, {0x40, 0x00, 0xBF, 0xFD, 0xFF, 0xFF, 0x40, 0x00}},
  {191, 0x313, 8, {0x00, 0x00, 0xBF, 0xFD, 0xFF, 0xFF, 0x00, 0x00}},
  {191, 0x314, 5, {0xB5, 0x00, 0x00, 0x1C, 0x48, 0x00, 0x00, 0x00}},
  {191, 0x315, 8, {0x00, 0x00, 0x00, 0x00, 0x00, 0x00, 0x00, 0x00}},
  {191, 0x316, 8, {0x00, 0x03, 0x69, 0x00, 0x00, 0x00, 0x00, 0x00}},
  {192, 0x317, 8, {0x0E, 0x15, 0x1A, 0x00, 0x00, 0x00, 0x00, 0x00}},
  {253, 0x12B, 8, {0x00, 0x00, 0x00, 0x00, 0x10, 0x00, 0x00, 0x00}},
  {254, 0x318, 8, {0x00, 0x00, 0x00, 0xFA, 0xB1, 0x02, 0x7E, 0x00}},
  {258, 0x448, 8, {0x08, 0x34, 0x94, 0x00, 0x03, 0xD6, 0x09, 0x3E}},
  {259, 0x301, 8, {0x00, 0x00, 0x00, 0x85, 0x00, 0x00, 0x00, 0xB6}},
  {259, 0x302, 8, {0x8B, 0xA5, 0x00, 0x00, 0x8B, 0xCA, 0x5B, 0x32}},
  {259, 0x304, 8, {0x08, 0x00, 0x00, 0x00, 0x80, 0x00, 0x00, 0x00}},
  {259, 0x310, 8, {0x00, 0x00, 0x00, 0x00, 0x00, 0x00, 0x00, 0x00}},
  {260, 0x311, 8, {0x00, 0x00, 0x00, 0x00, 0x01, 0x70, 0x00, 0x00}},
  {260, 0x312, 8, {0x40, 0x00, 0xBF, 0xFD, 0xFF, 0xFF, 0x40, 0x00}},
  {260, 0x313, 8, {0x00, 0x00, 0xBF, 0xFD, 0xFF, 0xFF, 0x00, 0x00}},
  {260, 0x540, 8, {0x15, 0x00, 0x80, 0x01, 0x7D, 0x76, 0x00, 0x00}},
  {261, 0x542, 8, {0x80, 0x00, 0x80, 0x00, 0x86, 0xCE, 0x80, 0x00}},
  {262, 0x12B, 8, {0x00, 0x00, 0x00, 0x00, 0x10, 0x00, 0x00, 0x00}},
  {269, 0x301, 8, {0x00, 0x00, 0x00, 0x85, 0x00, 0x00, 0x00, 0xB6}},
  {269, 0x304, 8, {0x08, 0x00, 0x00, 0x00, 0x80, 0x00, 0x00, 0x00}},
  {269, 0x302, 8, {0x8B, 0xA5, 0x00, 0x00, 0x8B, 0xCA, 0x5B, 0x32}},
  {269, 0x310, 8, {0x00, 0x00, 0x00, 0x00, 0x00, 0x00, 0x00, 0x00}},
  {270, 0x311, 8, {0x00, 0x00, 0x00, 0x00, 0x01, 0x70, 0x00, 0x00}},
  {270, 0x312, 8, {0x40, 0x00, 0xBF, 0xFD, 0xFF, 0xFF, 0x40, 0x00}},
  {270, 0x313, 8, {0x00, 0x00, 0xBF, 0xFD, 0xFF, 0xFF, 0x00, 0x00}},
  {270, 0x314, 5, {0xB5, 0x00, 0x00, 0x1C, 0x48, 0x00, 0x00, 0x00}},
  {271, 0x540, 8, {0x15, 0x00, 0x80, 0x01, 0x7D, 0x76, 0x00, 0x00}},
  {271, 0x542, 8, {0x80, 0x00, 0x80, 0x00, 0x86, 0xCE, 0x80, 0x00}},
  {272, 0x12B, 8, {0x00, 0x00, 0x00, 0x00, 0x10, 0x00, 0x00, 0x00}},
  {279, 0x301, 8, {0x00, 0x00, 0x00, 0x85, 0x00, 0x00, 0x00, 0xB6}},
  {279, 0x302, 8, {0x8B, 0xA5, 0x00, 0x00, 0x8B, 0xCA, 0x5B, 0x32}},
  {279, 0x304, 8, {0x08, 0x00, 0x00, 0x00, 0x80, 0x00, 0x00, 0x00}},
  {279, 0x310, 8, {0x00, 0x00, 0x00, 0x00, 0x00, 0x00, 0x00, 0x00}},
  {280, 0x311, 8, {0x00, 0x00, 0x00, 0x00, 0x01, 0x70, 0x00, 0x00}},
  {280, 0x312, 8, {0x40, 0x00, 0xBF, 0xFD, 0xFF, 0xFF, 0x40, 0x00}},
  {280, 0x313, 8, {0x00, 0x00, 0xBF, 0xFD, 0xFF, 0xFF, 0x00, 0x00}},
  {280, 0x540, 8, {0x15, 0x00, 0x80, 0x01, 0x7D, 0x76, 0x00, 0x00}},
  {281, 0x542, 8, {0x80, 0x00, 0x80, 0x00, 0x86, 0xCE, 0x80, 0x00}},
  {282, 0x12B, 8, {0x00, 0x00, 0x00, 0x00, 0x10, 0x00, 0x00, 0x00}},
  {289, 0x301, 8, {0x00, 0x00, 0x00, 0x85, 0x00, 0x00, 0x00, 0xB6}},
  {289, 0x304, 8, {0x08, 0x00, 0x00, 0x00, 0x80, 0x00, 0x00, 0x00}},
  {289, 0x302, 8, {0x8B, 0xA5, 0x00, 0x00, 0x8B, 0xCA, 0x5B, 0x32}},
  {289, 0x310, 8, {0x00, 0x00, 0x00, 0x00, 0x00, 0x00, 0x00, 0x00}},
  {290, 0x311, 8, {0x00, 0x00, 0x00, 0x00, 0x01, 0x70, 0x00, 0x00}},
  {290, 0x312, 8, {0x40, 0x00, 0xBF, 0xFD, 0xFF, 0xFF, 0x40, 0x00}},
  {290, 0x313, 8, {0x00, 0x00, 0xBF, 0xFD, 0xFF, 0xFF, 0x00, 0x00}},
  {290, 0x314, 5, {0xB5, 0x00, 0x00, 0x1C, 0x48, 0x00, 0x00, 0x00}},
  {291, 0x315, 8, {0x00, 0x00, 0x00, 0x00, 0x00, 0x00, 0x00, 0x00}},
  {291, 0x316, 8, {0x00, 0x03, 0x69, 0x00, 0x00, 0x00, 0x00, 0x00}},
  {291, 0x540, 8, {0x15, 0x00, 0x80, 0x00, 0x7D, 0x76, 0x00, 0x00}},
  {291, 0x542, 8, {0x80, 0x00, 0x80, 0x00, 0x86, 0xCE, 0x80, 0x00}},
  {293, 0x12B, 8, {0x00, 0x00, 0x00, 0x00, 0x10, 0x00, 0x00, 0x00}},
  {299, 0x301, 8, {0x00, 0x00, 0x00, 0x85, 0x00, 0x00, 0x00, 0xB6}},
  {299, 0x302, 8, {0x8B, 0xA5, 0x00, 0x00, 0x8B, 0xCA, 0x5B, 0x32}},
  {299, 0x304, 8, {0x08, 0x00, 0x00, 0x00, 0x80, 0x00, 0x00, 0x00}},
  {299, 0x310, 8, {0x00, 0x00, 0x00, 0x00, 0x00, 0x00, 0x00, 0x00}},
  {300, 0x311, 8, {0x00, 0x00, 0x00, 0x00, 0x01, 0x70, 0x00, 0x00}},
  {300, 0x312, 8, {0x40, 0x00, 0xBF, 0xFD, 0xFF, 0xFF, 0x40, 0x00}},
  {300, 0x313, 8, {0x00, 0x00, 0xBF, 0xFD, 0xFF, 0xFF, 0x00, 0x00}},
  {300, 0x540, 8, {0x15, 0x00, 0x80, 0x00, 0x7D, 0x76, 0x00, 0x00}},
  {301, 0x542, 8, {0x80, 0x00, 0x80, 0x00, 0x86, 0xCE, 0x80, 0x00}},
  {302, 0x12B, 8, {0x00, 0x00, 0x00, 0x00, 0x10, 0x00, 0x00, 0x00}},
  {334, 0x301, 8, {0x00, 0x00, 0x00, 0x85, 0x00, 0x00, 0x00, 0xB6}},
  {334, 0x302, 8, {0x8B, 0xA5, 0x00, 0x00, 0x8B, 0xCA, 0x5B, 0x32}},
  {339, 0x301, 8, {0x00, 0x00, 0x00, 0x85, 0x00, 0x00, 0x00, 0xB6}},
  {339, 0x304, 8, {0x08, 0x00, 0x00, 0x00, 0x80, 0x00, 0x00, 0x00}},
  {339, 0x302, 8, {0x8B, 0xA5, 0x00, 0x00, 0x8B, 0xCA, 0x5B, 0x32}},
  {340, 0x310, 8, {0x00, 0x00, 0x00, 0x00, 0x00, 0x00, 0x00, 0x00}},
  {340, 0x311, 8, {0x00, 0x00, 0x00, 0x00, 0x01, 0x70, 0x00, 0x00}},
  {340, 0x312, 8, {0x40, 0x00, 0xBF, 0xFD, 0xFF, 0xFF, 0x40, 0x00}},
  {340, 0x313, 8, {0x00, 0x00, 0xBF, 0xFD, 0xFF, 0xFF, 0x00, 0x00}},
  {340, 0x315, 8, {0x00, 0x00, 0x00, 0x00, 0x00, 0x00, 0x00, 0x00}},
  {341, 0x540, 8, {0x15, 0x00, 0x80, 0x00, 0x7D, 0x76, 0x00, 0x00}},
  {341, 0x542, 8, {0x80, 0x00, 0x80, 0x00, 0x86, 0xCE, 0x80, 0x00}},
  {343, 0x12B, 8, {0x00, 0x00, 0x00, 0x00, 0x10, 0x00, 0x00, 0x00}},
  {349, 0x301, 8, {0x00, 0x00, 0x00, 0x85, 0x00, 0x00, 0x00, 0xB6}},
  {349, 0x302, 8, {0x8B, 0xA5, 0x00, 0x00, 0x8B, 0xCA, 0x5B, 0x32}},
  {349, 0x304, 8, {0x08, 0x00, 0x00, 0x00, 0x80, 0x00, 0x00, 0x00}},
  {349, 0x310, 8, {0x00, 0x00, 0x00, 0x00, 0x00, 0x00, 0x00, 0x00}},
  {350, 0x311, 8, {0x00, 0x00, 0x00, 0x00, 0x01, 0x70, 0x00, 0x00}},
  {350, 0x312, 8, {0x40, 0x00, 0xBF, 0xFD, 0xFF, 0xFF, 0x40, 0x00}},
  {350, 0x313, 8, {0x00, 0x00, 0xBF, 0xFD, 0xFF, 0xFF, 0x00, 0x00}},
  {350, 0x314, 5, {0xB5, 0x00, 0x00, 0x1C, 0x48, 0x00, 0x00, 0x00}},
  {351, 0x540, 8, {0x15, 0x00, 0x80, 0x00, 0x7D, 0x76, 0x00, 0x00}},
  {351, 0x542, 8, {0x80, 0x00, 0x80, 0x00, 0x86, 0xCE, 0x80, 0x00}},
  {352, 0x12B, 8, {0x00, 0x00, 0x00, 0x00, 0x10, 0x00, 0x00, 0x00}},
  {359, 0x301, 8, {0x00, 0x00, 0x00, 0x85, 0x00, 0x00, 0x00, 0xB6}},
  {359, 0x302, 8, {0x8B, 0xA5, 0x00, 0x00, 0x8B, 0xCA, 0x5B, 0x32}},
  {359, 0x304, 8, {0x08, 0x00, 0x00, 0x00, 0x80, 0x00, 0x00, 0x00}},
  {359, 0x310, 8, {0x00, 0x00, 0x00, 0x00, 0x00, 0x00, 0x00, 0x00}},
  {360, 0x311, 8, {0x00, 0x00, 0x00, 0x00, 0x01, 0x70, 0x00, 0x00}},
  {360, 0x312, 8, {0x40, 0x00, 0xBF, 0xFD, 0xFF, 0xFF, 0x40, 0x00}},
  {360, 0x313, 8, {0x00, 0x00, 0xBF, 0xFD, 0xFF, 0xFF, 0x00, 0x00}},
  {360, 0x540, 8, {0x15, 0x00, 0x80, 0x00, 0x7D, 0x76, 0x00, 0x00}},
  {361, 0x542, 8, {0x80, 0x00, 0x80, 0x00, 0x86, 0xCE, 0x80, 0x00}},
  {362, 0x12B, 8, {0x00, 0x00, 0x00, 0x00, 0x10, 0x00, 0x00, 0x00}},
  {369, 0x301, 8, {0x00, 0x00, 0x00, 0x85, 0x00, 0x00, 0x00, 0xB6}},
  {369, 0x304, 8, {0x08, 0x00, 0x00, 0x00, 0x80, 0x00, 0x00, 0x00}},
  {369, 0x302, 8, {0x8B, 0xA5, 0x00, 0x00, 0x8B, 0xCA, 0x5B, 0x32}},
  {369, 0x310, 8, {0x00, 0x00, 0x00, 0x00, 0x00, 0x00, 0x00, 0x00}},
  {370, 0x311, 8, {0x00, 0x00, 0x00, 0x00, 0x01, 0x70, 0x00, 0x00}},
  {370, 0x312, 8, {0x40, 0x00, 0xBF, 0xFD, 0xFF, 0xFF, 0x40, 0x00}},
  {370, 0x313, 8, {0x00, 0x00, 0xBF, 0xFD, 0xFF, 0xFF, 0x00, 0x00}},
  {370, 0x314, 5, {0xB5, 0x00, 0x00, 0x1C, 0x48, 0x00, 0x00, 0x00}},
  {371, 0x540, 8, {0x15, 0x00, 0x80, 0x00, 0x7D, 0x76, 0x00, 0x00}},
  {371, 0x542, 8, {0x80, 0x00, 0x80, 0x00, 0x86, 0xCE, 0x80, 0x00}},
  {372, 0x12B, 8, {0x00, 0x00, 0x00, 0x00, 0x10, 0x00, 0x00, 0x00}},
  {379, 0x301, 8, {0x00, 0x00, 0x00, 0x85, 0x00, 0x00, 0x00, 0xB6}},
  {379, 0x304, 8, {0x08, 0x00, 0x00, 0x00, 0x80, 0x00, 0x00, 0x00}},
  {379, 0x302, 8, {0x8B, 0xA5, 0x00, 0x00, 0x8B, 0xCA, 0x5B, 0x32}},
  {380, 0x310, 8, {0x00, 0x00, 0x00, 0x00, 0x00, 0x00, 0x00, 0x00}},
  {380, 0x311, 8, {0x00, 0x00, 0x00, 0x00, 0x01, 0x70, 0x00, 0x00}},
  {380, 0x312, 8, {0x40, 0x00, 0xBF, 0xFD, 0xFF, 0xFF, 0x40, 0x00}},
  {380, 0x313, 8, {0x00, 0x00, 0xBF, 0xFD, 0xFF, 0xFF, 0x00, 0x00}},
  {381, 0x540, 8, {0x15, 0x00, 0x80, 0x00, 0x7D, 0x76, 0x00, 0x00}},
  {381, 0x542, 8, {0x80, 0x00, 0x80, 0x00, 0x86, 0xCE, 0x80, 0x00}},
  {382, 0x12B, 8, {0x00, 0x00, 0x00, 0x00, 0x10, 0x00, 0x00, 0x00}},
  {436, 0x301, 8, {0x00, 0x00, 0x00, 0x85, 0x00, 0x00, 0x00, 0xB6}},
  {436, 0x302, 8, {0x8B, 0xA5, 0x00, 0x00, 0x8B, 0xCA, 0x5B, 0x32}},
  {505, 0x301, 8, {0x00, 0x00, 0x00, 0x85, 0x00, 0x00, 0x00, 0xB6}},
  {505, 0x302, 8, {0x8B, 0xA5, 0x00, 0x00, 0x8B, 0xCA, 0x5B, 0x32}},
  {509, 0x301, 8, {0x00, 0x00, 0x00, 0x85, 0x00, 0x00, 0x00, 0xB6}},
  {509, 0x304, 8, {0x08, 0x00, 0x00, 0x00, 0x80, 0x00, 0x00, 0x00}},
  {509, 0x302, 8, {0x8B, 0xA5, 0x00, 0x00, 0x8B, 0xCA, 0x5B, 0x32}},
  {510, 0x310, 8, {0x00, 0x00, 0x00, 0x00, 0x00, 0x00, 0x00, 0x00}},
  {510, 0x311, 8, {0x00, 0x00, 0x00, 0x00, 0x01, 0x70, 0x00, 0x00}},
  {510, 0x312, 8, {0x40, 0x00, 0xBF, 0xFD, 0xFF, 0xFF, 0x40, 0x00}},
  {510, 0x313, 8, {0x00, 0x00, 0xBF, 0xFD, 0xFF, 0xFF, 0x00, 0x00}},
  {510, 0x314, 5, {0xB5, 0x00, 0x00, 0x1C, 0x48, 0x00, 0x00, 0x00}},
  {511, 0x542, 8, {0x80, 0x00, 0x80, 0x00, 0x86, 0xCE, 0x80, 0x00}},
  {511, 0x540, 8, {0x15, 0x00, 0x80, 0x00, 0x7D, 0x76, 0x00, 0x00}},
  {513, 0x12B, 8, {0x00, 0x00, 0x00, 0x00, 0x10, 0x00, 0x00, 0x00}},
  {513, 0x447, 8, {0x00, 0x02, 0x9C, 0x26, 0x00, 0x00, 0x54, 0x80}},
  {519, 0x301, 8, {0x00, 0x00, 0x00, 0x85, 0x00, 0x00, 0x00, 0xB6}},
  {519, 0x302, 8, {0x8B, 0xA5, 0x00, 0x00, 0x8B, 0xCA, 0x5B, 0x32}},
  {519, 0x304, 8, {0x08, 0x00, 0x00, 0x00, 0x80, 0x00, 0x00, 0x00}},
  {519, 0x310, 8, {0x00, 0x00, 0x00, 0x00, 0x00, 0x00, 0x00, 0x00}},
  {520, 0x311, 8, {0x00, 0x00, 0x00, 0x00, 0x01, 0x70, 0x00, 0x00}},
  {520, 0x312, 8, {0x40, 0x00, 0xBF, 0xFD, 0xFF, 0xFF, 0x40, 0x00}},
  {520, 0x313, 8, {0x00, 0x00, 0xBF, 0xFD, 0xFF, 0xFF, 0x00, 0x00}},
  {520, 0x540, 8, {0x15, 0x00, 0x80, 0x00, 0x7D, 0x76, 0x00, 0x00}},
  {521, 0x542, 8, {0x80, 0x00, 0x80, 0x00, 0x86, 0xCE, 0x80, 0x00}},
  {522, 0x12B, 8, {0x00, 0x00, 0x00, 0x00, 0x10, 0x00, 0x00, 0x00}},
  {529, 0x301, 8, {0x00, 0x00, 0x00, 0x85, 0x00, 0x00, 0x00, 0xB6}},
  {529, 0x302, 8, {0x8B, 0xA5, 0x00, 0x00, 0x8B, 0xCA, 0x5B, 0x32}},
  {529, 0x304, 8, {0x08, 0x00, 0x00, 0x00, 0x80, 0x00, 0x00, 0x00}},
  {529, 0x310, 8, {0x00, 0x00, 0x00, 0x00, 0x00, 0x00, 0x00, 0x00}},
  {530, 0x311, 8, {0x00, 0x00, 0x00, 0x00, 0x01, 0x70, 0x00, 0x00}},
  {530, 0x312, 8, {0x40, 0x00, 0xBF, 0xFD, 0xFF, 0xFF, 0x40, 0x00}},
  {530, 0x313, 8, {0x00, 0x00, 0xBF, 0xFD, 0xFF, 0xFF, 0x00, 0x00}},
  {530, 0x314, 5, {0xB5, 0x00, 0x00, 0x1C, 0x48, 0x00, 0x00, 0x00}},
  {531, 0x540, 8, {0x15, 0x00, 0x80, 0x00, 0x7D, 0x76, 0x00, 0x00}},
  {531, 0x542, 8, {0x80, 0x00, 0x80, 0x00, 0x86, 0xCE, 0x80, 0x00}},
  {532, 0x12B, 8, {0x00, 0x00, 0x00, 0x00, 0x10, 0x00, 0x00, 0x00}},
  {539, 0x301, 8, {0x00, 0x00, 0x00, 0x85, 0x00, 0x00, 0x00, 0xB6}},
  {539, 0x302, 8, {0x8B, 0xA5, 0x00, 0x00, 0x8B, 0xCA, 0x5B, 0x32}},
  {539, 0x304, 8, {0x08, 0x00, 0x00, 0x00, 0x80, 0x00, 0x00, 0x00}},
  {539, 0x310, 8, {0x00, 0x00, 0x00, 0x00, 0x00, 0x00, 0x00, 0x00}},
  {540, 0x311, 8, {0x00, 0x00, 0x00, 0x00, 0x01, 0x70, 0x00, 0x00}},
  {540, 0x312, 8, {0x40, 0x00, 0xBF, 0xFD, 0xFF, 0xFF, 0x40, 0x00}},
  {540, 0x313, 8, {0x00, 0x00, 0xBF, 0xFD, 0xFF, 0xFF, 0x00, 0x00}},
  {540, 0x315, 8, {0x00, 0x00, 0x00, 0x00, 0x00, 0x00, 0x00, 0x00}},
  {541, 0x540, 8, {0x15, 0x00, 0x80, 0x00, 0x7D, 0x76, 0x00, 0x00}},
  {541, 0x542, 8, {0x80, 0x00, 0x80, 0x00, 0x86, 0xCE, 0x80, 0x00}},
  {543, 0x12B, 8, {0x00, 0x00, 0x00, 0x00, 0x10, 0x00, 0x00, 0x00}},
  {549, 0x301, 8, {0x00, 0x00, 0x00, 0x85, 0x00, 0x00, 0x00, 0xB6}},
  {549, 0x302, 8, {0x8B, 0xA5, 0x00, 0x00, 0x8B, 0xCA, 0x5B, 0x32}},
  {549, 0x304, 8, {0x08, 0x00, 0x00, 0x00, 0x80, 0x00, 0x00, 0x00}},
  {549, 0x310, 8, {0x00, 0x00, 0x00, 0x00, 0x00, 0x00, 0x00, 0x00}},
  {550, 0x311, 8, {0x00, 0x00, 0x00, 0x00, 0x01, 0x70, 0x00, 0x00}},
  {550, 0x312, 8, {0x40, 0x00, 0xBF, 0xFD, 0xFF, 0xFF, 0x40, 0x00}},
  {550, 0x313, 8, {0x00, 0x00, 0xBF, 0xFD, 0xFF, 0xFF, 0x00, 0x00}},
  {550, 0x314, 5, {0xB5, 0x00, 0x00, 0x1C, 0x48, 0x00, 0x00, 0x00}},
  {551, 0x540, 8, {0x15, 0x00, 0x80, 0x00, 0x7D, 0x76, 0x00, 0x00}},
  {551, 0x542, 8, {0x80, 0x00, 0x80, 0x00, 0x86, 0xCE, 0x80, 0x00}},
  {552, 0x12B, 8, {0x00, 0x00, 0x00, 0x00, 0x10, 0x00, 0x00, 0x00}},
  {615, 0x301, 8, {0x00, 0x00, 0x00, 0x85, 0x00, 0x00, 0x00, 0xB6}},
  {616, 0x302, 8, {0x8B, 0xA5, 0x00, 0x00, 0x8B, 0xCA, 0x5B, 0x32}},
  {619, 0x301, 8, {0x00, 0x00, 0x00, 0x85, 0x00, 0x00, 0x00, 0xB6}},
  {619, 0x304, 8, {0x08, 0x00, 0x00, 0x00, 0x80, 0x00, 0x00, 0x00}},
  {619, 0x302, 8, {0x8B, 0xA5, 0x00, 0x00, 0x8B, 0xCA, 0x5B, 0x32}},
  {620, 0x310, 8, {0x00, 0x00, 0x00, 0x00, 0x00, 0x00, 0x00, 0x00}},
  {620, 0x311, 8, {0x00, 0x00, 0x00, 0x00, 0x01, 0x70, 0x00, 0x00}},
  {620, 0x312, 8, {0x40, 0x00, 0xBF, 0xFD, 0xFF, 0xFF, 0x40, 0x00}},
  {620, 0x313, 8, {0x00, 0x00, 0xBF, 0xFD, 0xFF, 0xFF, 0x00, 0x00}},
  {620, 0x540, 8, {0x15, 0x00, 0x80, 0x00, 0x7D, 0x76, 0x00, 0x00}},
  {621, 0x542, 8, {0x80, 0x00, 0x80, 0x00, 0x86, 0xCE, 0x80, 0x00}},
  {622, 0x12B, 8, {0x00, 0x00, 0x00, 0x00, 0x10, 0x00, 0x00, 0x00}},
  {629, 0x301, 8, {0x00, 0x00, 0x00, 0x85, 0x00, 0x00, 0x00, 0xB6}},
  {629, 0x302, 8, {0x8B, 0xA5, 0x00, 0x00, 0x8B, 0xCA, 0x5B, 0x32}},
  {629, 0x304, 8, {0x08, 0x00, 0x00, 0x00, 0x80, 0x00, 0x00, 0x00}},
  {629, 0x310, 8, {0x00, 0x00, 0x00, 0x00, 0x00, 0x00, 0x00, 0x00}},
  {630, 0x311, 8, {0x00, 0x00, 0x00, 0x00, 0x01, 0x70, 0x00, 0x00}},
  {630, 0x312, 8, {0x40, 0x00, 0xBF, 0xFD, 0xFF, 0xFF, 0x40, 0x00}},
  {630, 0x313, 8, {0x00, 0x00, 0xBF, 0xFD, 0xFF, 0xFF, 0x00, 0x00}},
  {630, 0x314, 5, {0xB5, 0x00, 0x00, 0x1C, 0x48, 0x00, 0x00, 0x00}},
  {631, 0x540, 8, {0x15, 0x00, 0x80, 0x00, 0x7D, 0x76, 0x00, 0x00}},
  {631, 0x542, 8, {0x80, 0x00, 0x80, 0x00, 0x86, 0xCE, 0x80, 0x00}},
  {633, 0x12B, 8, {0x00, 0x00, 0x00, 0x00, 0x10, 0x00, 0x00, 0x00}},
  {639, 0x301, 8, {0x00, 0x00, 0x00, 0x85, 0x00, 0x00, 0x00, 0xB6}},
  {639, 0x302, 8, {0x8B, 0xA5, 0x00, 0x00, 0x8B, 0xCA, 0x5B, 0x32}},
  {639, 0x304, 8, {0x08, 0x00, 0x00, 0x00, 0x80, 0x00, 0x00, 0x00}},
  {639, 0x310, 8, {0x00, 0x00, 0x00, 0x00, 0x00, 0x00, 0x00, 0x00}},
  {640, 0x311, 8, {0x00, 0x00, 0x00, 0x00, 0x01, 0x70, 0x00, 0x00}},
  {640, 0x312, 8, {0x40, 0x00, 0xBF, 0xFD, 0xFF, 0xFF, 0x40, 0x00}},
  {640, 0x313, 8, {0x00, 0x00, 0xBF, 0xFD, 0xFF, 0xFF, 0x00, 0x00}},
  {640, 0x315, 8, {0x00, 0x00, 0x00, 0x00, 0x00, 0x00, 0x00, 0x00}},
  {641, 0x540, 8, {0x15, 0x00, 0x80, 0x00, 0x7D, 0x76, 0x00, 0x00}},
  {641, 0x542, 8, {0x80, 0x00, 0x80, 0x00, 0x86, 0xCE, 0x80, 0x00}},
  {642, 0x12B, 8, {0x00, 0x00, 0x00, 0x00, 0x10, 0x00, 0x00, 0x00}},
  {649, 0x301, 8, {0x00, 0x00, 0x00, 0x85, 0x00, 0x00, 0x00, 0xB6}},
  {649, 0x304, 8, {0x08, 0x00, 0x00, 0x00, 0x80, 0x00, 0x00, 0x00}},
  {649, 0x302, 8, {0x8B, 0xA5, 0x00, 0x00, 0x8B, 0xCA, 0x5B, 0x32}},
  {649, 0x310, 8, {0x00, 0x00, 0x00, 0x00, 0x00, 0x00, 0x00, 0x00}},
  {650, 0x311, 8, {0x00, 0x00, 0x00, 0x00, 0x01, 0x70, 0x00, 0x00}},
  {650, 0x312, 8, {0x40, 0x00, 0xBF, 0xFD, 0xFF, 0xFF, 0x40, 0x00}},
  {650, 0x313, 8, {0x00, 0x00, 0xBF, 0xFD, 0xFF, 0xFF, 0x00, 0x00}},
  {650, 0x314, 5, {0xB5, 0x00, 0x00, 0x1C, 0x48, 0x00, 0x00, 0x00}},
  {651, 0x540, 8, {0x15, 0x00, 0x80, 0x00, 0x7D, 0x76, 0x00, 0x00}},
  {651, 0x542, 8, {0x80, 0x00, 0x80, 0x00, 0x86, 0xCE, 0x80, 0x00}},
  {653, 0x12B, 8, {0x00, 0x00, 0x00, 0x00, 0x10, 0x00, 0x00, 0x00}},
  {659, 0x301, 8, {0x00, 0x00, 0x00, 0x85, 0x00, 0x00, 0x00, 0xB6}},
  {659, 0x302, 8, {0x8B, 0xA5, 0x00, 0x00, 0x8B, 0xCA, 0x5B, 0x32}},
  {659, 0x304, 8, {0x08, 0x00, 0x00, 0x00, 0x80, 0x00, 0x00, 0x00}},
  {659, 0x310, 8, {0x00, 0x00, 0x00, 0x00, 0x00, 0x00, 0x00, 0x00}},
  {660, 0x311, 8, {0x00, 0x00, 0x00, 0x00, 0x01, 0x70, 0x00, 0x00}},
  {660, 0x312, 8, {0x40, 0x00, 0xBF, 0xFD, 0xFF, 0xFF, 0x40, 0x00}},
  {660, 0x313, 8, {0x00, 0x00, 0xBF, 0xFD, 0xFF, 0xFF, 0x00, 0x00}},
  {660, 0x540, 8, {0x15, 0x00, 0x80, 0x00, 0x7D, 0x76, 0x00, 0x00}},
  {661, 0x30C, 2, {0x00, 0x00, 0x00, 0x00, 0x00, 0x00, 0x00, 0x00}},
  {661, 0x542, 8, {0x80, 0x00, 0x80, 0x00, 0x86, 0xCE, 0x80, 0x00}},
  {662, 0x12B, 8, {0x00, 0x00, 0x00, 0x00, 0x10, 0x00, 0x00, 0x00}},
  {669, 0x301, 8, {0x00, 0x00, 0x00, 0x85, 0x00, 0x00, 0x00, 0xB6}},
  {729, 0x304, 8, {0x08, 0x00, 0x00, 0x00, 0x80, 0x00, 0x00, 0x00}},
  {730, 0x311, 8, {0x00, 0x00, 0x00, 0x00, 0x01, 0x70, 0x00, 0x00}},
  {730, 0x302, 8, {0x8B, 0xA5, 0x00, 0x00, 0x8B, 0xCA, 0x5B, 0x32}},
  {730, 0x313, 8, {0x00, 0x00, 0xBF, 0xFD, 0xFF, 0xFF, 0x00, 0x00}},
  {730, 0x314, 5, {0xB5, 0x00, 0x00, 0x1C, 0x48, 0x00, 0x00, 0x00}},
  {731, 0x540, 8, {0x15, 0x00, 0x80, 0x00, 0x7D, 0x76, 0x00, 0x00}},
  {731, 0x542, 8, {0x80, 0x00, 0x80, 0x00, 0x86, 0xCE, 0x80, 0x00}},
  {734, 0x12B, 8, {0x00, 0x00, 0x00, 0x00, 0x10, 0x00, 0x00, 0x00}},
  {739, 0x301, 8, {0x00, 0x00, 0x00, 0x85, 0x00, 0x00, 0x00, 0xB6}},
  {739, 0x302, 8, {0x8B, 0xA5, 0x00, 0x00, 0x8B, 0xCA, 0x5B, 0x32}},
  {739, 0x304, 8, {0x08, 0x00, 0x00, 0x00, 0x80, 0x00, 0x00, 0x00}},
  {739, 0x310, 8, {0x00, 0x00, 0x00, 0x00, 0x00, 0x00, 0x00, 0x00}},
  {740, 0x311, 8, {0x00, 0x00, 0x00, 0x00, 0x01, 0x70, 0x00, 0x00}},
  {740, 0x312, 8, {0x40, 0x00, 0xBF, 0xFD, 0xFF, 0xFF, 0x40, 0x00}},
  {740, 0x313, 8, {0x00, 0x00, 0xBF, 0xFD, 0xFF, 0xFF, 0x00, 0x00}},
  {740, 0x315, 8, {0x00, 0x00, 0x00, 0x00, 0x00, 0x00, 0x00, 0x00}},
  {741, 0x540, 8, {0x15, 0x00, 0x80, 0x00, 0x7D, 0x76, 0x00, 0x00}},
  {741, 0x542, 8, {0x80, 0x00, 0x80, 0x00, 0x86, 0xCE, 0x80, 0x00}},
  {741, 0x30C, 2, {0x00, 0x00, 0x00, 0x00, 0x00, 0x00, 0x00, 0x00}},
  {743, 0x12B, 8, {0x00, 0x00, 0x00, 0x00, 0x10, 0x00, 0x00, 0x00}},
  {749, 0x301, 8, {0x00, 0x00, 0x00, 0x85, 0x00, 0x00, 0x00, 0xB6}},
  {749, 0x304, 8, {0x08, 0x00, 0x00, 0x00, 0x80, 0x00, 0x00, 0x00}},
  {749, 0x302, 8, {0x8B, 0xA5, 0x00, 0x00, 0x8B, 0xCA, 0x5B, 0x32}},
  {749, 0x310, 8, {0x00, 0x00, 0x00, 0x00, 0x00, 0x00, 0x00, 0x00}},
  {750, 0x311, 8, {0x00, 0x00, 0x00, 0x00, 0x01, 0x70, 0x00, 0x00}},
  {750, 0x312, 8, {0x40, 0x00, 0xBF, 0xFD, 0xFF, 0xFF, 0x40, 0x00}},
  {750, 0x313, 8, {0x00, 0x00, 0xBF, 0xFD, 0xFF, 0xFF, 0x00, 0x00}},
  {750, 0x314, 5, {0xB5, 0x00, 0x00, 0x1C, 0x48, 0x00, 0x00, 0x00}},
  {751, 0x540, 8, {0x15, 0x00, 0x80, 0x00, 0x7D, 0x76, 0x00, 0x00}},
  {751, 0x542, 8, {0x80, 0x00, 0x80, 0x00, 0x86, 0xCE, 0x80, 0x00}},
  {753, 0x12B, 8, {0x00, 0x00, 0x00, 0x00, 0x10, 0x00, 0x00, 0x00}},
  {758, 0x448, 8, {0x08, 0x34, 0x94, 0x00, 0x03, 0xD6, 0x09, 0x3E}},
  {759, 0x301, 8, {0x00, 0x00, 0x00, 0x85, 0x00, 0x00, 0x00, 0xB6}},
  {759, 0x302, 8, {0x8B, 0xA5, 0x00, 0x00, 0x8B, 0xCA, 0x5B, 0x32}},
  {759, 0x304, 8, {0x08, 0x00, 0x00, 0x00, 0x80, 0x00, 0x00, 0x00}},
  {759, 0x310, 8, {0x00, 0x00, 0x00, 0x00, 0x00, 0x00, 0x00, 0x00}},
  {760, 0x311, 8, {0x00, 0x00, 0x00, 0x00, 0x01, 0x70, 0x00, 0x00}},
  {760, 0x312, 8, {0x40, 0x00, 0xBF, 0xFD, 0xFF, 0xFF, 0x40, 0x00}},
  {760, 0x313, 8, {0x00, 0x00, 0xBF, 0xFD, 0xFF, 0xFF, 0x00, 0x00}},
  {760, 0x540, 8, {0x15, 0x00, 0x80, 0x00, 0x7D, 0x76, 0x00, 0x00}},
  {761, 0x30C, 2, {0x00, 0x00, 0x00, 0x00, 0x00, 0x00, 0x00, 0x00}},
  {761, 0x542, 8, {0x80, 0x00, 0x80, 0x00, 0x86, 0xCE, 0x80, 0x00}},
  {762, 0x12B, 8, {0x00, 0x00, 0x00, 0x00, 0x10, 0x00, 0x00, 0x00}},
  {769, 0x301, 8, {0x00, 0x00, 0x00, 0x85, 0x00, 0x00, 0x00, 0xB6}},
  {769, 0x302, 8, {0x8B, 0xA5, 0x00, 0x00, 0x8B, 0xCA, 0x5B, 0x32}},
  {769, 0x304, 8, {0x08, 0x00, 0x00, 0x00, 0x80, 0x00, 0x00, 0x00}},
  {769, 0x310, 8, {0x00, 0x00, 0x00, 0x00, 0x00, 0x00, 0x00, 0x00}},
  {770, 0x311, 8, {0x00, 0x00, 0x00, 0x00, 0x01, 0x70, 0x00, 0x00}},
  {770, 0x312, 8, {0x40, 0x00, 0xBF, 0xFD, 0xFF, 0xFF, 0x40, 0x00}},
  {770, 0x313, 8, {0x00, 0x00, 0xBF, 0xFD, 0xFF, 0xFF, 0x00, 0x00}},
  {770, 0x314, 5, {0xB5, 0x00, 0x00, 0x1C, 0x48, 0x00, 0x00, 0x00}},
  {771, 0x540, 8, {0x15, 0x00, 0x80, 0x00, 0x7D, 0x76, 0x00, 0x00}},
  {771, 0x542, 8, {0x80, 0x00, 0x80, 0x00, 0x86, 0xCE, 0x80, 0x00}},
  {772, 0x12B, 8, {0x00, 0x00, 0x00, 0x00, 0x10, 0x00, 0x00, 0x00}},
  {779, 0x301, 8, {0x00, 0x00, 0x00, 0x85, 0x00, 0x00, 0x00, 0xB6}},
  {779, 0x302, 8, {0x8B, 0xA5, 0x00, 0x00, 0x8B, 0xCA, 0x5B, 0x32}},
  {779, 0x304, 8, {0x08, 0x00, 0x00, 0x00, 0x80, 0x00, 0x00, 0x00}},
  {812, 0x310, 8, {0x00, 0x00, 0x00, 0x00, 0x00, 0x00, 0x00, 0x00}},
  {812, 0x30C, 2, {0x00, 0x00, 0x00, 0x00, 0x00, 0x00, 0x00, 0x00}},
  {815, 0x447, 8, {0x00, 0x02, 0x9C, 0x26, 0x00, 0x00, 0x54, 0x80}},
  {819, 0x301, 8, {0x00, 0x00, 0x00, 0x85, 0x00, 0x00, 0x00, 0xB6}},
  {819, 0x302, 8, {0x8B, 0xA5, 0x00, 0x00, 0x8B, 0xCA, 0x5B, 0x32}},
  {819, 0x304, 8, {0x08, 0x00, 0x00, 0x00, 0x80, 0x00, 0x00, 0x00}},
  {819, 0x310, 8, {0x00, 0x00, 0x00, 0x00, 0x00, 0x00, 0x00, 0x00}},
  {820, 0x311, 8, {0x00, 0x00, 0x00, 0x00, 0x01, 0x70, 0x00, 0x00}},
  {820, 0x312, 8, {0x40, 0x00, 0xBF, 0xFD, 0xFF, 0xFF, 0x40, 0x00}},
  {820, 0x313, 8, {0x00, 0x00, 0xBF, 0xFD, 0xFF, 0xFF, 0x00, 0x00}},
  {820, 0x540, 8, {0x15, 0x00, 0x80, 0x00, 0x7D, 0x76, 0x00, 0x00}},
  {821, 0x542, 8, {0x80, 0x00, 0x80, 0x00, 0x86, 0xCE, 0x80, 0x00}},
  {821, 0x30C, 2, {0x00, 0x00, 0x00, 0x00, 0x00, 0x00, 0x00, 0x00}},
  {822, 0x12B, 8, {0x00, 0x00, 0x00, 0x00, 0x10, 0x00, 0x00, 0x00}},
  {829, 0x301, 8, {0x00, 0x00, 0x00, 0x85, 0x00, 0x00, 0x00, 0xB6}},
  {829, 0x302, 8, {0x8B, 0xA5, 0x00, 0x00, 0x8B, 0xCA, 0x5B, 0x32}},
  {829, 0x304, 8, {0x08, 0x00, 0x00, 0x00, 0x80, 0x00, 0x00, 0x00}},
  {829, 0x310, 8, {0x00, 0x00, 0x00, 0x00, 0x00, 0x00, 0x00, 0x00}},
  {830, 0x311, 8, {0x00, 0x00, 0x00, 0x00, 0x01, 0x70, 0x00, 0x00}},
  {830, 0x312, 8, {0x40, 0x00, 0xBF, 0xFD, 0xFF, 0xFF, 0x40, 0x00}},
  {830, 0x313, 8, {0x00, 0x00, 0xBF, 0xFD, 0xFF, 0xFF, 0x00, 0x00}},
  {830, 0x314, 5, {0xB5, 0x00, 0x00, 0x1C, 0x48, 0x00, 0x00, 0x00}},
  {831, 0x540, 8, {0x15, 0x00, 0x80, 0x00, 0x7D, 0x76, 0x00, 0x00}},
  {831, 0x542, 8, {0x80, 0x00, 0x80, 0x00, 0x86, 0xCE, 0x80, 0x00}},
  {832, 0x12B, 8, {0x00, 0x00, 0x00, 0x00, 0x10, 0x00, 0x00, 0x00}},
  {839, 0x301, 8, {0x00, 0x00, 0x00, 0x85, 0x00, 0x00, 0x00, 0xB6}},
  {839, 0x302, 8, {0x8B, 0xA5, 0x00, 0x00, 0x8B, 0xCA, 0x5B, 0x32}},
  {839, 0x304, 8, {0x08, 0x00, 0x00, 0x00, 0x80, 0x00, 0x00, 0x00}},
  {839, 0x310, 8, {0x00, 0x00, 0x00, 0x00, 0x00, 0x00, 0x00, 0x00}},
  {840, 0x311, 8, {0x00, 0x00, 0x00, 0x00, 0x01, 0x70, 0x00, 0x00}},
  {840, 0x312, 8, {0x40, 0x00, 0xBF, 0xFD, 0xFF, 0xFF, 0x40, 0x00}},
  {840, 0x30C, 2, {0x00, 0x00, 0x00, 0x00, 0x00, 0x00, 0x00, 0x00}},
  {840, 0x313, 8, {0x00, 0x00, 0xBF, 0xFD, 0xFF, 0xFF, 0x00, 0x00}},
  {841, 0x315, 8, {0x00, 0x00, 0x00, 0x00, 0x00, 0x00, 0x00, 0x00}},
  {841, 0x540, 8, {0x15, 0x00, 0x80, 0x00, 0x7D, 0x76, 0x00, 0x00}},
  {841, 0x542, 8, {0x80, 0x00, 0x80, 0x00, 0x86, 0xCE, 0x80, 0x00}},
  {843, 0x12B, 8, {0x00, 0x00, 0x00, 0x00, 0x10, 0x00, 0x00, 0x00}},
  {849, 0x301, 8, {0x00, 0x00, 0x00, 0x85, 0x00, 0x00, 0x00, 0xB6}},
  {849, 0x302, 8, {0x8B, 0xA5, 0x00, 0x00, 0x8B, 0xCA, 0x5B, 0x32}},
  {849, 0x304, 8, {0x08, 0x00, 0x00, 0x00, 0x80, 0x00, 0x00, 0x00}},
  {849, 0x310, 8, {0x00, 0x00, 0x00, 0x00, 0x00, 0x00, 0x00, 0x00}},
  {850, 0x311, 8, {0x00, 0x00, 0x00, 0x00, 0x01, 0x70, 0x00, 0x00}},
  {850, 0x312, 8, {0x40, 0x00, 0xBF, 0xFD, 0xFF, 0xFF, 0x40, 0x00}},
  {850, 0x313, 8, {0x00, 0x00, 0xBF, 0xFD, 0xFF, 0xFF, 0x00, 0x00}},
  {850, 0x314, 5, {0xB5, 0x00, 0x00, 0x1C, 0x48, 0x00, 0x00, 0x00}},
  {851, 0x540, 8, {0x15, 0x00, 0x80, 0x00, 0x7D, 0x76, 0x00, 0x00}},
  {851, 0x542, 8, {0x80, 0x00, 0x80, 0x00, 0x86, 0xCE, 0x80, 0x00}},
  {853, 0x12B, 8, {0x00, 0x00, 0x00, 0x00, 0x10, 0x00, 0x00, 0x00}},
  {859, 0x301, 8, {0x00, 0x00, 0x00, 0x85, 0x00, 0x00, 0x00, 0xB6}},
  {859, 0x302, 8, {0x8B, 0xA5, 0x00, 0x00, 0x8B, 0xCA, 0x5B, 0x32}},
  {859, 0x304, 8, {0x08, 0x00, 0x00, 0x00, 0x80, 0x00, 0x00, 0x00}},
  {859, 0x310, 8, {0x00, 0x00, 0x00, 0x00, 0x00, 0x00, 0x00, 0x00}},
  {860, 0x311, 8, {0x00, 0x00, 0x00, 0x00, 0x01, 0x70, 0x00, 0x00}},
  {860, 0x312, 8, {0x40, 0x00, 0xBF, 0xFD, 0xFF, 0xFF, 0x40, 0x00}},
  {860, 0x313, 8, {0x00, 0x00, 0xBF, 0xFD, 0xFF, 0xFF, 0x00, 0x00}},
  {860, 0x540, 8, {0x15, 0x00, 0x80, 0x00, 0x7D, 0x76, 0x00, 0x00}},
  {861, 0x30C, 2, {0x00, 0x00, 0x00, 0x00, 0x00, 0x00, 0x00, 0x00}},
  {861, 0x542, 8, {0x80, 0x00, 0x80, 0x00, 0x86, 0xCE, 0x80, 0x00}},
  {930, 0x12B, 8, {0x00, 0x00, 0x00, 0x00, 0x10, 0x00, 0x00, 0x00}},
  {930, 0x301, 8, {0x00, 0x00, 0x00, 0x85, 0x00, 0x00, 0x00, 0xB6}},
  {930, 0x312, 8, {0x40, 0x00, 0xBF, 0xFD, 0xFF, 0xFF, 0x40, 0x00}},
  {930, 0x314, 5, {0xB5, 0x00, 0x00, 0x1C, 0x48, 0x00, 0x00, 0x00}},
  {931, 0x540, 8, {0x15, 0x00, 0x80, 0x00, 0x7D, 0x76, 0x00, 0x00}},
  {931, 0x542, 8, {0x80, 0x00, 0x80, 0x00, 0x86, 0xCE, 0x80, 0x00}},
  {931, 0x313, 8, {0x00, 0x00, 0xBF, 0xFD, 0xFF, 0xFF, 0x00, 0x00}},
  {934, 0x12B, 8, {0x00, 0x00, 0x00, 0xAC, 0x10, 0x00, 0x00, 0x00}},
  {939, 0x301, 8, {0x00, 0x00, 0x00, 0x85, 0x00, 0x00, 0x00, 0xB6}},
  {939, 0x302, 8, {0x8B, 0xA5, 0x00, 0x00, 0x8B, 0xCA, 0x5B, 0x32}},
  {939, 0x304, 8, {0x08, 0x00, 0x00, 0x00, 0x80, 0x00, 0x00, 0x00}},
  {939, 0x310, 8, {0x00, 0x00, 0x00, 0x00, 0x00, 0x00, 0x00, 0x00}},
  {940, 0x311, 8, {0x00, 0x00, 0x00, 0x00, 0x01, 0x70, 0x00, 0x00}},
  {940, 0x312, 8, {0x40, 0x00, 0xBF, 0xFD, 0xFF, 0xFF, 0x40, 0x00}},
  {940, 0x313, 8, {0x00, 0x00, 0xBF, 0xFD, 0xFF, 0xFF, 0x00, 0x00}},
  {940, 0x315, 8, {0x00, 0x00, 0x00, 0x00, 0x00, 0x00, 0x00, 0x00}},
  {941, 0x30C, 2, {0x04, 0xF3, 0x00, 0x00, 0x00, 0x00, 0x00, 0x00}},
  {941, 0x540, 8, {0x15, 0x00, 0x80, 0x00, 0x7D, 0x76, 0x00, 0x00}},
  {941, 0x542, 8, {0x80, 0x00, 0x80, 0x00, 0x86, 0xCE, 0x80, 0x00}},
  {943, 0x12B, 8, {0x00, 0x00, 0x00, 0xAE, 0x10, 0x00, 0x00, 0x00}},
  {949, 0x301, 8, {0x00, 0x00, 0x00, 0x85, 0x00, 0x00, 0x00, 0xB6}},
  {949, 0x302, 8, {0x8B, 0xA5, 0x00, 0x00, 0x8B, 0xCA, 0x5B, 0x32}},
  {949, 0x304, 8, {0x08, 0x00, 0x00, 0x00, 0x80, 0x00, 0x00, 0x00}},
  {949, 0x310, 8, {0x00, 0x00, 0x00, 0x00, 0x00, 0x00, 0x00, 0x00}},
  {950, 0x311, 8, {0x00, 0x00, 0x00, 0x00, 0x01, 0x70, 0x00, 0x00}},
  {950, 0x312, 8, {0x40, 0x00, 0xBF, 0xFD, 0xFF, 0xFF, 0x40, 0x00}},
  {950, 0x30C, 2, {0x04, 0xF4, 0x00, 0x00, 0x00, 0x00, 0x00, 0x00}},
  {950, 0x313, 8, {0x00, 0x00, 0xBF, 0xFD, 0xFF, 0xFF, 0x00, 0x00}},
  {951, 0x540, 8, {0x15, 0x00, 0x80, 0x00, 0x7D, 0x76, 0x00, 0x00}},
  {951, 0x542, 8, {0x80, 0x00, 0x80, 0x00, 0x86, 0xCE, 0x80, 0x00}},
  {951, 0x314, 5, {0xB5, 0x00, 0x00, 0x1C, 0x48, 0x00, 0x00, 0x00}},
  {953, 0x12B, 8, {0x00, 0x00, 0x00, 0xB4, 0x10, 0x00, 0x00, 0x00}},
  {959, 0x301, 8, {0x00, 0x00, 0x00, 0x85, 0x00, 0x00, 0x00, 0xB6}},
  {959, 0x302, 8, {0x8B, 0xA5, 0x00, 0x00, 0x8B, 0xCA, 0x5B, 0x32}},
  {959, 0x304, 8, {0x08, 0x00, 0x00, 0x00, 0x80, 0x00, 0x00, 0x00}},
  {959, 0x310, 8, {0x00, 0x00, 0x00, 0x00, 0x00, 0x00, 0x00, 0x00}},
  {960, 0x311, 8, {0x00, 0x00, 0x00, 0x00, 0x01, 0x70, 0x00, 0x00}},
  {960, 0x312, 8, {0x40, 0x00, 0xBF, 0xFD, 0xFF, 0xFF, 0x40, 0x00}},
  {960, 0x313, 8, {0x00, 0x00, 0xBF, 0xFD, 0xFF, 0xFF, 0x00, 0x00}},
  {960, 0x540, 8, {0x15, 0x00, 0x80, 0x00, 0x7D, 0x76, 0x00, 0x00}},
  {961, 0x542, 8, {0x80, 0x00, 0x80, 0x00, 0x86, 0xCE, 0x80, 0x00}},
  {962, 0x12B, 8, {0x00, 0x00, 0x00, 0xA9, 0x10, 0x00, 0x00, 0x00}},
  {969, 0x301, 8, {0x00, 0x00, 0x00, 0x85, 0x00, 0x00, 0x00, 0xB6}},
  {969, 0x304, 8, {0x08, 0x00, 0x00, 0x00, 0x80, 0x00, 0x00, 0x00}},
  {969, 0x302, 8, {0x8B, 0xA5, 0x00, 0x00, 0x8B, 0xCA, 0x5B, 0x32}},
  {969, 0x310, 8, {0x00, 0x00, 0x00, 0x00, 0x00, 0x00, 0x00, 0x00}},
  {970, 0x311, 8, {0x00, 0x00, 0x00, 0x00, 0x01, 0x70, 0x00, 0x00}},
  {970, 0x312, 8, {0x40, 0x00, 0xBF, 0xFD, 0xFF, 0xFF, 0x40, 0x00}},
  {970, 0x313, 8, {0x00, 0x00, 0xBF, 0xFD, 0xFF, 0xFF, 0x00, 0x00}},
  {970, 0x314, 5, {0xB5, 0x00, 0x00, 0x1C, 0x48, 0x00, 0x00, 0x00}},
  {971, 0x540, 8, {0x15, 0x00, 0x80, 0x00, 0x7D, 0x76, 0x00, 0x00}},
  {971, 0x542, 8, {0x80, 0x00, 0x80, 0x00, 0x86, 0xCE, 0x80, 0x00}},
  {972, 0x12B, 8, {0x00, 0x00, 0x00, 0xB0, 0x10, 0x00, 0x00, 0x00}},
  {979, 0x301, 8, {0x00, 0x00, 0x00, 0x85, 0x00, 0x00, 0x00, 0xB6}},
  {979, 0x302, 8, {0x8B, 0xA5, 0x00, 0x00, 0x8B, 0xCA, 0x5B, 0x32}},
  {979, 0x304, 8, {0x08, 0x00, 0x00, 0x00, 0x80, 0x00, 0x00, 0x00}},
  {979, 0x310, 8, {0x00, 0x00, 0x00, 0x00, 0x00, 0x00, 0x00, 0x00}},
  {1173, 0x311, 8, {0x00, 0x00, 0x00, 0x00, 0x01, 0x70, 0x00, 0x00}},
  {1173, 0x30C, 2, {0x04, 0xF4, 0x00, 0x00, 0x00, 0x00, 0x00, 0x00}},
  {1179, 0x301, 8, {0x00, 0x00, 0x00, 0x85, 0x00, 0x00, 0x00, 0xB6}},
  {1179, 0x304, 8, {0x08, 0x00, 0x00, 0x00, 0x80, 0x00, 0x00, 0x00}},
  {1179, 0x302, 8, {0x8B, 0xA5, 0x00, 0x00, 0x8B, 0xCA, 0x5B, 0x32}},
  {1180, 0x310, 8, {0x00, 0x00, 0x00, 0x00, 0x00, 0x00, 0x00, 0x00}},
  {1180, 0x311, 8, {0x00, 0x00, 0x00, 0x00, 0x01, 0x70, 0x00, 0x00}},
  {1180, 0x312, 8, {0x40, 0x00, 0xBF, 0xFD, 0xFF, 0xFF, 0x40, 0x00}},
  {1180, 0x313, 8, {0x00, 0x00, 0xBF, 0xFD, 0xFF, 0xFF, 0x00, 0x00}},
  {1180, 0x540, 8, {0x15, 0x00, 0x80, 0x00, 0x7D, 0x76, 0x00, 0x00}},
  {1181, 0x542, 8, {0x80, 0x00, 0x80, 0x00, 0x86, 0xCE, 0x80, 0x00}},
  {1182, 0x12B, 8, {0x00, 0x00, 0x00, 0x92, 0x10, 0x00, 0x00, 0x00}},
  {1189, 0x301, 8, {0x00, 0x00, 0x00, 0x85, 0x00, 0x00, 0x00, 0xB6}},
  {1189, 0x302, 8, {0x8B, 0xA5, 0x00, 0x00, 0x8B, 0xCA, 0x5B, 0x32}},
  {1189, 0x304, 8, {0x08, 0x00, 0x00, 0x00, 0x80, 0x00, 0x00, 0x00}},
  {1189, 0x30A, 8, {0x27, 0x2E, 0x00, 0x00, 0x00, 0x00, 0x00, 0x00}},
  {1190, 0x30B, 8, {0x00, 0x00, 0x00, 0x00, 0x00, 0x41, 0x2D, 0xE1}},
  {1190, 0x310, 8, {0x00, 0x00, 0x00, 0x00, 0x00, 0x00, 0x00, 0x00}},
  {1190, 0x30C, 2, {0x04, 0xB7, 0x00, 0x00, 0x00, 0x00, 0x00, 0x00}},
  {1190, 0x311, 8, {0x00, 0x00, 0x00, 0x00, 0x01, 0x70, 0x00, 0x00}},
  {1191, 0x312, 8, {0x40, 0x00, 0xBF, 0xFD, 0xFF, 0xFF, 0x40, 0x00}},
  {1191, 0x313, 8, {0x00, 0x00, 0xBF, 0xFD, 0xFF, 0xFF, 0x00, 0x00}},
  {1191, 0x314, 5, {0xB5, 0x00, 0x00, 0x1C, 0x48, 0x00, 0x00, 0x00}},
  {1191, 0x315, 8, {0x00, 0x00, 0x00, 0x00, 0x00, 0x00, 0x00, 0x00}},
  {1192, 0x316, 8, {0x00, 0x03, 0x69, 0x00, 0x00, 0x00, 0x00, 0x00}},
  {1192, 0x317, 8, {0x0E, 0x15, 0x1A, 0x00, 0x00, 0x00, 0x00, 0x00}},
  {1192, 0x12B, 8, {0x00, 0x00, 0x00, 0x99, 0x10, 0x00, 0x00, 0x00}},
  {1192, 0x318, 8, {0x00, 0x00, 0x00, 0xFA, 0xB1, 0x02, 0x7E, 0x00}},
  {1192, 0x319, 8, {0x00, 0x00, 0x00, 0xC4, 0x00, 0xD9, 0x01, 0x12}},
  {1193, 0x540, 8, {0x15, 0x00, 0x80, 0x00, 0x7D, 0x76, 0x00, 0x00}},
  {1193, 0x542, 8, {0x80, 0x00, 0x80, 0x00, 0x86, 0xCE, 0x80, 0x00}},
  {1199, 0x301, 8, {0x00, 0x00, 0x00, 0x85, 0x00, 0x00, 0x00, 0xB6}},
  {1199, 0x302, 8, {0x8B, 0xA5, 0x00, 0x00, 0x8B, 0xCA, 0x5B, 0x32}},
  {1199, 0x304, 8, {0x08, 0x00, 0x00, 0x00, 0x80, 0x00, 0x00, 0x00}},
  {1199, 0x30C, 2, {0x04, 0xB3, 0x00, 0x00, 0x00, 0x00, 0x00, 0x00}},
  {1200, 0x310, 8, {0x00, 0x00, 0x00, 0x00, 0x00, 0x00, 0x00, 0x00}},
  {1200, 0x311, 8, {0x00, 0x00, 0x00, 0x00, 0x01, 0x70, 0x00, 0x00}},
  {1200, 0x312, 8, {0x40, 0x00, 0xBF, 0xFD, 0xFF, 0xFF, 0x40, 0x00}},
  {1200, 0x313, 8, {0x00, 0x00, 0xBF, 0xFD, 0xFF, 0xFF, 0x00, 0x00}},
  {1201, 0x540, 8, {0x15, 0x00, 0x80, 0x00, 0x7D, 0x76, 0x00, 0x00}},
  {1201, 0x542, 8, {0x80, 0x00, 0x80, 0x00, 0x86, 0xCE, 0x80, 0x00}},
  {1202, 0x12B, 8, {0x00, 0x00, 0x00, 0x93, 0x10, 0x00, 0x00, 0x00}},
  {1209, 0x301, 8, {0x00, 0x00, 0x00, 0x85, 0x00, 0x00, 0x00, 0xB6}},
  {1209, 0x302, 8, {0x8B, 0xA5, 0x00, 0x00, 0x8B, 0xCA, 0x5B, 0x32}},
  {1209, 0x304, 8, {0x08, 0x00, 0x00, 0x00, 0x80, 0x00, 0x00, 0x00}},
  {1209, 0x310, 8, {0x00, 0x00, 0x00, 0x00, 0x00, 0x00, 0x00, 0x00}},
  {1210, 0x311, 8, {0x00, 0x00, 0x00, 0x00, 0x01, 0x70, 0x00, 0x00}},
  {1210, 0x312, 8, {0x40, 0x00, 0xBF, 0xFD, 0xFF, 0xFF, 0x40, 0x00}},
  {1210, 0x313, 8, {0x00, 0x00, 0xBF, 0xFD, 0xFF, 0xFF, 0x00, 0x00}},
  {1210, 0x314, 5, {0xB5, 0x00, 0x00, 0x1C, 0x48, 0x00, 0x00, 0x00}},
  {1211, 0x540, 8, {0x15, 0x00, 0x80, 0x00, 0x7D, 0x76, 0x00, 0x00}},
  {1211, 0x542, 8, {0x80, 0x00, 0x80, 0x00, 0x86, 0xCE, 0x80, 0x00}},
  {1211, 0x30C, 2, {0x04, 0xAE, 0x00, 0x00, 0x00, 0x00, 0x00, 0x00}},
  {1213, 0x12B, 8, {0x00, 0x00, 0x00, 0x8D, 0x10, 0x00, 0x00, 0x00}},
  {1217, 0x447, 8, {0x00, 0x02, 0x9C, 0x27, 0x00, 0x00, 0x54, 0x80}},
  {1219, 0x301, 8, {0x00, 0x00, 0x00, 0x85, 0x00, 0x00, 0x00, 0xB6}},
  {1219, 0x302, 8, {0x8B, 0xA5, 0x00, 0x00, 0x8B, 0xCA, 0x5B, 0x32}},
  {1219, 0x304, 8, {0x08, 0x00, 0x00, 0x00, 0x80, 0x00, 0x00, 0x00}},
  {1282, 0x310, 8, {0x00, 0x00, 0x00, 0x00, 0x00, 0x00, 0x00, 0x00}},
  {1282, 0x30C, 2, {0x04, 0xAA, 0x00, 0x00, 0x00, 0x00, 0x00, 0x00}},
  {1289, 0x301, 8, {0x00, 0x00, 0x00, 0x85, 0x00, 0x00, 0x00, 0xB6}},
  {1289, 0x304, 8, {0x08, 0x00, 0x00, 0x00, 0x80, 0x00, 0x00, 0x00}},
  {1289, 0x302, 8, {0x8B, 0xA5, 0x00, 0x00, 0x8B, 0xCA, 0x5B, 0x32}},
  {1290, 0x310, 8, {0x00, 0x00, 0x00, 0x00, 0x00, 0x00, 0x00, 0x00}},
  {1290, 0x311, 8, {0x00, 0x00, 0x00, 0x00, 0x01, 0x70, 0x00, 0x00}},
  {1290, 0x312, 8, {0x40, 0x00, 0xBF, 0xFD, 0xFF, 0xFF, 0x40, 0x00}},
  {1290, 0x313, 8, {0x00, 0x00, 0xBF, 0xFD, 0xFF, 0xFF, 0x00, 0x00}},
  {1290, 0x314, 5, {0xB5, 0x00, 0x00, 0x1C, 0x48, 0x00, 0x00, 0x00}},
  {1291, 0x315, 8, {0x00, 0x00, 0x00, 0x00, 0x00, 0x00, 0x00, 0x00}},
  {1291, 0x316, 8, {0x00, 0x03, 0x69, 0x00, 0x00, 0x00, 0x00, 0x00}},
  {1291, 0x540, 8, {0x15, 0x00, 0x80, 0x00, 0x7D, 0x76, 0x00, 0x00}},
  {1291, 0x542, 8, {0x80, 0x00, 0x80, 0x00, 0x86, 0xCE, 0x80, 0x00}},
  {1293, 0x12B, 8, {0x00, 0x00, 0x00, 0x8D, 0x10, 0x00, 0x00, 0x00}},
  {1299, 0x301, 8, {0x00, 0x00, 0x00, 0x85, 0x00, 0x00, 0x00, 0xB6}},
  {1299, 0x302, 8, {0x8B, 0xA5, 0x00, 0x00, 0x8B, 0xCA, 0x5B, 0x32}},
  {1299, 0x304, 8, {0x08, 0x00, 0x00, 0x00, 0x80, 0x00, 0x00, 0x00}},
  {1299, 0x30C, 2, {0x04, 0x82, 0x00, 0x00, 0x00, 0x00, 0x00, 0x00}},
  {1300, 0x310, 8, {0x00, 0x00, 0x00, 0x00, 0x00, 0x00, 0x00, 0x00}},
  {1300, 0x311, 8, {0x00, 0x00, 0x00, 0x00, 0x01, 0x70, 0x00, 0x00}},
  {1300, 0x312, 8, {0x40, 0x00, 0xBF, 0xFD, 0xFF, 0xFF, 0x40, 0x00}},
  {1300, 0x313, 8, {0x00, 0x00, 0xBF, 0xFD, 0xFF, 0xFF, 0x00, 0x00}},
  {1301, 0x540, 8, {0x15, 0x00, 0x80, 0x00, 0x7D, 0x76, 0x00, 0x00}},
  {1301, 0x542, 8, {0x80, 0x00, 0x80, 0x00, 0x86, 0xCE, 0x80, 0x00}},
  {1302, 0x12B, 8, {0x00, 0x00, 0x00, 0x88, 0x10, 0x00, 0x00, 0x00}},
  {1309, 0x301, 8, {0x00, 0x00, 0x00, 0x85, 0x00, 0x00, 0x00, 0xB6}},
  {1309, 0x302, 8, {0x8B, 0xA5, 0x00, 0x00, 0x8B, 0xCA, 0x5B, 0x32}},
  {1309, 0x304, 8, {0x08, 0x00, 0x00, 0x00, 0x80, 0x00, 0x00, 0x00}},
  {1309, 0x310, 8, {0x00, 0x00, 0x00, 0x00, 0x00, 0x00, 0x00, 0x00}},
  {1310, 0x311, 8, {0x00, 0x00, 0x00, 0x00, 0x01, 0x70, 0x00, 0x00}},
  {1310, 0x312, 8, {0x40, 0x00, 0xBF, 0xFD, 0xFF, 0xFF, 0x40, 0x00}},
  {1310, 0x30C, 2, {0x04, 0x7C, 0x00, 0x00, 0x00, 0x00, 0x00, 0x00}},
  {1310, 0x313, 8, {0x00, 0x00, 0xBF, 0xFD, 0xFF, 0xFF, 0x00, 0x00}},
  {1311, 0x540, 8, {0x15, 0x00, 0x80, 0x00, 0x7D, 0x76, 0x00, 0x00}},
  {1311, 0x542, 8, {0x80, 0x00, 0x80, 0x00, 0x86, 0xCE, 0x80, 0x00}},
  {1311, 0x314, 5, {0xB5, 0x00, 0x00, 0x1C, 0x48, 0x00, 0x00, 0x00}},
  {1313, 0x12B, 8, {0x00, 0x00, 0x00, 0x7F, 0x10, 0x00, 0x00, 0x00}},
  {1318, 0x447, 8, {0x00, 0x02, 0x9C, 0x27, 0x00, 0x00, 0x54, 0x80}},
  {1319, 0x301, 8, {0x00, 0x00, 0x00, 0x85, 0x00, 0x00, 0x00, 0xB6}},
  {1319, 0x302, 8, {0x8B, 0xA5, 0x00, 0x00, 0x8B, 0xCA, 0x5B, 0x32}},
  {1319, 0x304, 8, {0x08, 0x00, 0x00, 0x00, 0x80, 0x00, 0x00, 0x00}},
  {1319, 0x30C, 2, {0x04, 0x78, 0x00, 0x00, 0x00, 0x00, 0x00, 0x00}},
  {1320, 0x310, 8, {0x00, 0x00, 0x00, 0x00, 0x00, 0x00, 0x00, 0x00}},
  {1320, 0x311, 8, {0x00, 0x00, 0x00, 0x00, 0x01, 0x70, 0x00, 0x00}},
  {1320, 0x312, 8, {0x40, 0x00, 0xBF, 0xFD, 0xFF, 0xFF, 0x40, 0x00}},
  {1320, 0x313, 8, {0x00, 0x00, 0xBF, 0xFD, 0xFF, 0xFF, 0x00, 0x00}},
  {1321, 0x540, 8, {0x15, 0x00, 0x80, 0x00, 0x7D, 0x76, 0x00, 0x00}},
  {1321, 0x542, 8, {0x80, 0x00, 0x80, 0x00, 0x86, 0xCE, 0x80, 0x00}},
  {1322, 0x12B, 8, {0x00, 0x00, 0x00, 0x80, 0x10, 0x00, 0x00, 0x00}},
  {1329, 0x301, 8, {0x00, 0x00, 0x00, 0x85, 0x00, 0x00, 0x00, 0xB6}},
  {1329, 0x302, 8, {0x8B, 0xA5, 0x00, 0x00, 0x8B, 0xCA, 0x5B, 0x32}},
  {1329, 0x304, 8, {0x08, 0x00, 0x00, 0x00, 0x80, 0x00, 0x00, 0x00}},
  {1329, 0x310, 8, {0x00, 0x00, 0x00, 0x00, 0x00, 0x00, 0x00, 0x00}},
  {1330, 0x311, 8, {0x00, 0x00, 0x00, 0x00, 0x01, 0x70, 0x00, 0x00}},
  {1330, 0x312, 8, {0x40, 0x00, 0xBF, 0xFD, 0xFF, 0xFF, 0x40, 0x00}},
  {1330, 0x313, 8, {0x00, 0x00, 0xBF, 0xFD, 0xFF, 0xFF, 0x00, 0x00}},
  {1330, 0x314, 5, {0xB5, 0x00, 0x00, 0x1C, 0x48, 0x00, 0x00, 0x00}},
  {1366, 0x540, 8, {0x15, 0x00, 0x80, 0x00, 0x7D, 0x76, 0x00, 0x00}},
  {1366, 0x30C, 2, {0x04, 0x72, 0x00, 0x00, 0x00, 0x00, 0x00, 0x00}},
  {1369, 0x301, 8, {0x00, 0x00, 0x00, 0x85, 0x00, 0x00, 0x00, 0xB6}},
  {1369, 0x304, 8, {0x08, 0x00, 0x00, 0x00, 0x80, 0x00, 0x00, 0x00}},
  {1369, 0x302, 8, {0x8B, 0xA5, 0x00, 0x00, 0x8B, 0xCA, 0x5B, 0x32}},
  {1370, 0x310, 8, {0x00, 0x00, 0x00, 0x00, 0x00, 0x00, 0x00, 0x00}},
  {1370, 0x311, 8, {0x00, 0x00, 0x00, 0x00, 0x01, 0x70, 0x00, 0x00}},
  {1370, 0x312, 8, {0x40, 0x00, 0xBF, 0xFD, 0xFF, 0xFF, 0x40, 0x00}},
  {1370, 0x313, 8, {0x00, 0x00, 0xBF, 0xFD, 0xFF, 0xFF, 0x00, 0x00}},
  {1371, 0x314, 5, {0xB5, 0x00, 0x00, 0x1C, 0x48, 0x00, 0x00, 0x00}},
  {1371, 0x540, 8, {0x15, 0x00, 0x80, 0x00, 0x7D, 0x76, 0x00, 0x00}},
  {1371, 0x542, 8, {0x80, 0x00, 0x80, 0x00, 0x86, 0xCE, 0x80, 0x00}},
  {1373, 0x12B, 8, {0x00, 0x00, 0x00, 0x93, 0x10, 0x00, 0x00, 0x00}},
  {1379, 0x301, 8, {0x00, 0x00, 0x00, 0x85, 0x00, 0x00, 0x00, 0xB6}},
  {1379, 0x302, 8, {0x8B, 0xA5, 0x00, 0x00, 0x8B, 0xCA, 0x5B, 0x32}},
  {1379, 0x304, 8, {0x08, 0x00, 0x00, 0x00, 0x80, 0x00, 0x00, 0x00}},
  {1379, 0x310, 8, {0x00, 0x00, 0x00, 0x00, 0x00, 0x00, 0x00, 0x00}},
  {1380, 0x30C, 2, {0x04, 0x53, 0x00, 0x00, 0x00, 0x00, 0x00, 0x00}},
  {1380, 0x311, 8, {0x00, 0x00, 0x00, 0x00, 0x01, 0x70, 0x00, 0x00}},
  {1380, 0x312, 8, {0x40, 0x00, 0xBF, 0xFD, 0xFF, 0xFF, 0x40, 0x00}},
  {1380, 0x313, 8, {0x00, 0x00, 0xBF, 0xFD, 0xFF, 0xFF, 0x00, 0x00}},
  {1381, 0x540, 8, {0x15, 0x00, 0x80, 0x00, 0x7D, 0x76, 0x00, 0x00}},
  {1381, 0x542, 8, {0x80, 0x00, 0x80, 0x00, 0x86, 0xCE, 0x80, 0x00}},
  {1382, 0x12B, 8, {0x00, 0x00, 0x00, 0x8F, 0x10, 0x00, 0x00, 0x00}},
  {1389, 0x301, 8, {0x00, 0x00, 0x00, 0x85, 0x00, 0x00, 0x00, 0xB6}},
  {1389, 0x302, 8, {0x8B, 0xA5, 0x00, 0x00, 0x8B, 0xCA, 0x5B, 0x32}},
  {1389, 0x304, 8, {0x08, 0x00, 0x00, 0x00, 0x80, 0x00, 0x00, 0x00}},
  {1389, 0x310, 8, {0x00, 0x00, 0x00, 0x00, 0x00, 0x00, 0x00, 0x00}},
  {1390, 0x30C, 2, {0x04, 0x50, 0x00, 0x00, 0x00, 0x00, 0x00, 0x00}},
  {1390, 0x311, 8, {0x00, 0x00, 0x00, 0x00, 0x01, 0x70, 0x00, 0x00}},
  {1390, 0x312, 8, {0x40, 0x00, 0xBF, 0xFD, 0xFF, 0xFF, 0x40, 0x00}},
  {1390, 0x313, 8, {0x00, 0x00, 0xBF, 0xFD, 0xFF, 0xFF, 0x00, 0x00}},
  {1391, 0x315, 8, {0x00, 0x00, 0x00, 0x00, 0x00, 0x00, 0x00, 0x00}},
  {1391, 0x314, 5, {0xB5, 0x00, 0x00, 0x1C, 0x48, 0x00, 0x00, 0x00}},
  {1391, 0x316, 8, {0x00, 0x03, 0x69, 0x00, 0x00, 0x00, 0x00, 0x00}},
  {1391, 0x317, 8, {0x0E, 0x15, 0x1A, 0x00, 0x00, 0x00, 0x00, 0x00}},
  {1392, 0x318, 8, {0x00, 0x00, 0x00, 0xFA, 0xB1, 0x02, 0x7E, 0x00}},
  {1392, 0x540, 8, {0x15, 0x00, 0x80, 0x00, 0x7D, 0x76, 0x00, 0x00}},
  {1392, 0x12B, 8, {0x00, 0x00, 0x00, 0x9B, 0x10, 0x00, 0x00, 0x00}},
  {1392, 0x542, 8, {0x80, 0x00, 0x80, 0x00, 0x86, 0xCE, 0x80, 0x00}},
  {1399, 0x301, 8, {0x00, 0x00, 0x00, 0x85, 0x00, 0x00, 0x00, 0xB6}},
  {1399, 0x304, 8, {0x08, 0x00, 0x00, 0x00, 0x80, 0x00, 0x00, 0x00}},
  {1399, 0x302, 8, {0x8B, 0xA5, 0x00, 0x00, 0x8B, 0xCA, 0x5B, 0x32}},
  {1400, 0x310, 8, {0x00, 0x00, 0x00, 0x00, 0x00, 0x00, 0x00, 0x00}},
  {1400, 0x311, 8, {0x00, 0x00, 0x00, 0x00, 0x01, 0x70, 0x00, 0x00}},
  {1400, 0x312, 8, {0x40, 0x00, 0xBF, 0xFD, 0xFF, 0xFF, 0x40, 0x00}},
  {1400, 0x313, 8, {0x00, 0x00, 0xBF, 0xFD, 0xFF, 0xFF, 0x00, 0x00}},
  {1401, 0x540, 8, {0x15, 0x00, 0x80, 0x00, 0x7D, 0x76, 0x00, 0x00}},
  {1401, 0x542, 8, {0x80, 0x00, 0x80, 0x00, 0x86, 0xCE, 0x80, 0x00}},
  {1402, 0x12B, 8, {0x00, 0x00, 0x00, 0xA9, 0x10, 0x00, 0x00, 0x00}},
  {1426, 0x301, 8, {0x00, 0x00, 0x00, 0x85, 0x00, 0x00, 0x00, 0xB6}},
  {1426, 0x302, 8, {0x8B, 0xA5, 0x00, 0x00, 0x8B, 0xCA, 0x5B, 0x32}},
  {1429, 0x301, 8, {0x00, 0x00, 0x00, 0x85, 0x00, 0x00, 0x00, 0xB6}},
  {1429, 0x304, 8, {0x08, 0x00, 0x00, 0x00, 0x80, 0x00, 0x00, 0x00}},
  {1429, 0x302, 8, {0x8B, 0xA5, 0x00, 0x00, 0x8B, 0xCA, 0x5B, 0x32}},
  {1430, 0x310, 8, {0x00, 0x00, 0x00, 0x00, 0x00, 0x00, 0x00, 0x00}},
  {1430, 0x311, 8, {0x00, 0x00, 0x00, 0x00, 0x01, 0x70, 0x00, 0x00}},
  {1430, 0x312, 8, {0x40, 0x00, 0xBF, 0xFD, 0xFF, 0xFF, 0x40, 0x00}},
  {1496, 0x314, 5, {0xB5, 0x00, 0x00, 0x1C, 0x48, 0x00, 0x00, 0x00}},
  {1496, 0x313, 8, {0x00, 0x00, 0xBF, 0xFD, 0xFF, 0xFF, 0x00, 0x00}},
  {1499, 0x301, 8, {0x00, 0x00, 0x00, 0x85, 0x00, 0x00, 0x00, 0xB6}},
  {1499, 0x304, 8, {0x08, 0x00, 0x00, 0x00, 0x80, 0x00, 0x00, 0x00}},
  {1499, 0x302, 8, {0x8B, 0xA5, 0x00, 0x00, 0x8B, 0xCA, 0x5B, 0x32}},
  {1500, 0x310, 8, {0x00, 0x00, 0x00, 0x00, 0x00, 0x00, 0x00, 0x00}},
  {1500, 0x311, 8, {0x00, 0x00, 0x00, 0x00, 0x01, 0x70, 0x00, 0x00}},
  {1500, 0x312, 8, {0x40, 0x00, 0xBF, 0xFD, 0xFF, 0xFF, 0x40, 0x00}},
  {1500, 0x313, 8, {0x00, 0x00, 0xBF, 0xFD, 0xFF, 0xFF, 0x00, 0x00}},
  {1501, 0x540, 8, {0x15, 0x00, 0x80, 0x00, 0x7D, 0x76, 0x00, 0x00}},
  {1501, 0x542, 8, {0x80, 0x00, 0x80, 0x00, 0x86, 0xCE, 0x80, 0x00}},
  {1502, 0x12B, 8, {0x00, 0x00, 0x00, 0xCF, 0x10, 0x00, 0x00, 0x00}},
  {1509, 0x301, 8, {0x00, 0x00, 0x00, 0x85, 0x00, 0x00, 0x00, 0xB6}},
  {1509, 0x302, 8, {0x8B, 0xA5, 0x00, 0x00, 0x8B, 0xCA, 0x5B, 0x32}},
  {1509, 0x304, 8, {0x08, 0x00, 0x00, 0x00, 0x80, 0x00, 0x00, 0x00}},
  {1509, 0x310, 8, {0x00, 0x00, 0x00, 0x00, 0x00, 0x00, 0x00, 0x00}},
  {1510, 0x311, 8, {0x00, 0x00, 0x00, 0x00, 0x01, 0x70, 0x00, 0x00}},
  {1510, 0x312, 8, {0x40, 0x00, 0xBF, 0xFD, 0xFF, 0xFF, 0x40, 0x00}},
  {1510, 0x30C, 2, {0x04, 0x86, 0x00, 0x00, 0x00, 0x00, 0x00, 0x00}},
  {1510, 0x313, 8, {0x00, 0x00, 0xBF, 0xFD, 0xFF, 0xFF, 0x00, 0x00}},
  {1511, 0x540, 8, {0x15, 0x00, 0x80, 0x00, 0x7D, 0x76, 0x00, 0x00}},
  {1511, 0x542, 8, {0x80, 0x00, 0x80, 0x00, 0x86, 0xCE, 0x80, 0x00}},
  {1511, 0x314, 5, {0xB5, 0x00, 0x00, 0x1C, 0x48, 0x00, 0x00, 0x00}},
  {1513, 0x12B, 8, {0x00, 0x00, 0x00, 0xCD, 0x10, 0x00, 0x00, 0x00}},
  {1519, 0x447, 8, {0x00, 0x02, 0x9C, 0x27, 0x00, 0x00, 0x54, 0x80}},
  {1519, 0x301, 8, {0x00, 0x00, 0x00, 0x85, 0x00, 0x00, 0x00, 0xB6}},
  {1519, 0x303, 8, {0x00, 0x7B, 0x80, 0x80, 0xFF, 0x00, 0x80, 0x80}},
  {1519, 0x30C, 2, {0x04, 0x8F, 0x00, 0x00, 0x00, 0x00, 0x00, 0x00}},
  {1520, 0x310, 8, {0x00, 0x00, 0x00, 0x00, 0x00, 0x00, 0x00, 0x00}},
  {1520, 0x311, 8, {0x00, 0x00, 0x00, 0x00, 0x01, 0x70, 0x00, 0x00}},
  {1520, 0x312, 8, {0x40, 0x00, 0xBF, 0xFD, 0xFF, 0xFF, 0x40, 0x00}},
  {1520, 0x304, 8, {0x08, 0x00, 0x00, 0x00, 0x80, 0x00, 0x00, 0x00}},
  {1521, 0x313, 8, {0x00, 0x00, 0xBF, 0xFD, 0xFF, 0xFF, 0x00, 0x00}},
  {1521, 0x540, 8, {0x15, 0x00, 0x80, 0x00, 0x7D, 0x76, 0x00, 0x00}},
  {1521, 0x542, 8, {0x80, 0x00, 0x80, 0x00, 0x86, 0xCE, 0x80, 0x00}},
  {1523, 0x12B, 8, {0x00, 0x00, 0x00, 0xCD, 0x10, 0x00, 0x00, 0x00}},
  {1529, 0x301, 8, {0x00, 0x00, 0x00, 0x85, 0x00, 0x00, 0x00, 0xB6}},
  {1529, 0x302, 8, {0x8B, 0xA5, 0x00, 0x00, 0x8B, 0xCA, 0x5B, 0x32}},
  {1529, 0x304, 8, {0x08, 0x00, 0x00, 0x00, 0x80, 0x00, 0x00, 0x00}},
  {1529, 0x310, 8, {0x00, 0x00, 0x00, 0x00, 0x00, 0x00, 0x00, 0x00}},
  {1530, 0x311, 8, {0x00, 0x00, 0x00, 0x00, 0x01, 0x70, 0x00, 0x00}},
  {1530, 0x30C, 2, {0x04, 0x9A, 0x00, 0x00, 0x00, 0x00, 0x00, 0x00}},
  {1530, 0x312, 8, {0x40, 0x00, 0xBF, 0xFD, 0xFF, 0xFF, 0x40, 0x00}},
  {1530, 0x314, 5, {0xB5, 0x00, 0x00, 0x1C, 0x48, 0x00, 0x00, 0x00}},
  {1531, 0x540, 8, {0x15, 0x00, 0x80, 0x00, 0x7D, 0x76, 0x00, 0x00}},
  {1531, 0x542, 8, {0x80, 0x00, 0x80, 0x00, 0x86, 0xCE, 0x80, 0x00}},
  {1531, 0x313, 8, {0x00, 0x00, 0xBF, 0xFD, 0xFF, 0xFF, 0x00, 0x00}},
  {1533, 0x12B, 8, {0x00, 0x00, 0x00, 0xD1, 0x10, 0x00, 0x00, 0x00}},
  {1539, 0x301, 8, {0x00, 0x00, 0x00, 0x85, 0x00, 0x00, 0x00, 0xB6}},
  {1539, 0x302, 8, {0x8B, 0xA5, 0x00, 0x00, 0x8B, 0xCA, 0x5B, 0x32}},
  {1539, 0x304, 8, {0x08, 0x00, 0x00, 0x00, 0x80, 0x00, 0x00, 0x00}},
  {1539, 0x30C, 2, {0x04, 0xA4, 0x00, 0x00, 0x00, 0x00, 0x00, 0x00}},
  {1540, 0x310, 8, {0x00, 0x00, 0x00, 0x00, 0x00, 0x00, 0x00, 0x00}},
  {1540, 0x311, 8, {0x00, 0x00, 0x00, 0x00, 0x01, 0x70, 0x00, 0x00}},
  {1540, 0x312, 8, {0x40, 0x00, 0xBF, 0xFD, 0xFF, 0xFF, 0x40, 0x00}},
  {1540, 0x313, 8, {0x00, 0x00, 0xBF, 0xFD, 0xFF, 0xFF, 0x00, 0x00}},
  {1541, 0x315, 8, {0x00, 0x00, 0x00, 0x00, 0x00, 0x00, 0x00, 0x00}},
  {1541, 0x540, 8, {0x15, 0x00, 0x80, 0x00, 0x7D, 0x76, 0x00, 0x00}},
  {1609, 0x542, 8, {0x80, 0x00, 0x80, 0x00, 0x86, 0xCE, 0x80, 0x00}},
  {1609, 0x12B, 8, {0x00, 0x00, 0x00, 0xCA, 0x10, 0x00, 0x00, 0x00}},
  {1610, 0x310, 8, {0x00, 0x00, 0x00, 0x00, 0x00, 0x00, 0x00, 0x00}},
  {1610, 0x311, 8, {0x00, 0x00, 0x00, 0x00, 0x01, 0x70, 0x00, 0x00}},
  {1610, 0x312, 8, {0x40, 0x00, 0xBF, 0xFD, 0xFF, 0xFF, 0x40, 0x00}},
  {1610, 0x314, 5, {0xB5, 0x00, 0x00, 0x1C, 0x48, 0x00, 0x00, 0x00}},
  {1611, 0x540, 8, {0x15, 0x00, 0x80, 0x00, 0x7D, 0x76, 0x00, 0x00}},
  {1611, 0x542, 8, {0x80, 0x00, 0x80, 0x00, 0x86, 0xCE, 0x80, 0x00}},
  {1611, 0x313, 8, {0x00, 0x00, 0xBF, 0xFD, 0xFF, 0xFF, 0x00, 0x00}},
  {1614, 0x12B, 8, {0x00, 0x00, 0x00, 0xC4, 0x10, 0x00, 0x00, 0x00}},
  {1619, 0x301, 8, {0x00, 0x00, 0x00, 0x85, 0x00, 0x00, 0x00, 0xB6}},
  {1619, 0x302, 8, {0x8B, 0xA5, 0x00, 0x00, 0x8B, 0xCA, 0x5B, 0x32}},
  {1619, 0x304, 8, {0x08, 0x00, 0x00, 0x00, 0x80, 0x00, 0x00, 0x00}},
  {1619, 0x30C, 2, {0x04, 0xE5, 0x00, 0x00, 0x00, 0x00, 0x00, 0x00}},
  {1620, 0x310, 8, {0x00, 0x00, 0x00, 0x00, 0x00, 0x00, 0x00, 0x00}},
  {1620, 0x311, 8, {0x00, 0x00, 0x00, 0x00, 0x01, 0x70, 0x00, 0x00}},
  {1620, 0x312, 8, {0x40, 0x00, 0xBF, 0xFD, 0xFF, 0xFF, 0x40, 0x00}},
  {1620, 0x313, 8, {0x00, 0x00, 0xBF, 0xFD, 0xFF, 0xFF, 0x00, 0x00}},
  {1621, 0x447, 8, {0x00, 0x02, 0x9C, 0x27, 0x00, 0x00, 0x54, 0x80}},
  {1621, 0x540, 8, {0x15, 0x00, 0x80, 0x00, 0x7D, 0x76, 0x00, 0x00}},
  {1621, 0x542, 8, {0x80, 0x00, 0x80, 0x00, 0x86, 0xCE, 0x80, 0x00}},
  {1623, 0x12B, 8, {0x00, 0x00, 0x00, 0xCB, 0x10, 0x00, 0x00, 0x00}},
  {1629, 0x301, 8, {0x00, 0x00, 0x00, 0x85, 0x00, 0x00, 0x00, 0xB6}},
  {1629, 0x302, 8, {0x8B, 0xA5, 0x00, 0x00, 0x8B, 0xCA, 0x5B, 0x32}},
  {1629, 0x304, 8, {0x08, 0x00, 0x00, 0x00, 0x80, 0x00, 0x00, 0x00}},
  {1629, 0x310, 8, {0x00, 0x00, 0x00, 0x00, 0x00, 0x00, 0x00, 0x00}},
  {1630, 0x311, 8, {0x00, 0x00, 0x00, 0x00, 0x01, 0x70, 0x00, 0x00}},
  {1630, 0x312, 8, {0x40, 0x00, 0xBF, 0xFD, 0xFF, 0xFF, 0x40, 0x00}},
  {1630, 0x313, 8, {0x00, 0x00, 0xBF, 0xFD, 0xFF, 0xFF, 0x00, 0x00}},
  {1630, 0x314, 5, {0xB5, 0x00, 0x00, 0x1C, 0x48, 0x00, 0x00, 0x00}},
  {1631, 0x540, 8, {0x15, 0x00, 0x80, 0x00, 0x7D, 0x76, 0x00, 0x00}},
  {1631, 0x542, 8, {0x80, 0x00, 0x80, 0x00, 0x86, 0xCE, 0x80, 0x00}},
  {1631, 0x30C, 2, {0x04, 0xEC, 0x00, 0x00, 0x00, 0x00, 0x00, 0x00}},
  {1633, 0x12B, 8, {0x00, 0x00, 0x00, 0xC5, 0x10, 0x00, 0x00, 0x00}},
  {1639, 0x301, 8, {0x00, 0x00, 0x00, 0x85, 0x00, 0x00, 0x00, 0xB6}},
  {1639, 0x302, 8, {0x8B, 0xA5, 0x00, 0x00, 0x8B, 0xCA, 0x5B, 0x32}},
  {1639, 0x304, 8, {0x08, 0x00, 0x00, 0x00, 0x80, 0x00, 0x00, 0x00}},
  {1639, 0x30C, 2, {0x04, 0xF1, 0x00, 0x00, 0x00, 0x00, 0x00, 0x00}},
  {1640, 0x310, 8, {0x00, 0x00, 0x00, 0x00, 0x00, 0x00, 0x00, 0x00}},
  {1640, 0x311, 8, {0x00, 0x00, 0x00, 0x00, 0x01, 0x70, 0x00, 0x00}},
  {1640, 0x312, 8, {0x40, 0x00, 0xBF, 0xFD, 0xFF, 0xFF, 0x40, 0x00}},
  {1640, 0x313, 8, {0x00, 0x00, 0xBF, 0xFD, 0xFF, 0xFF, 0x00, 0x00}},
  {1641, 0x315, 8, {0x00, 0x00, 0x00, 0x00, 0x00, 0x00, 0x00, 0x00}},
  {1641, 0x540, 8, {0x15, 0x00, 0x80, 0x00, 0x7D, 0x76, 0x00, 0x00}},
  {1641, 0x542, 8, {0x80, 0x00, 0x80, 0x00, 0x86, 0xCE, 0x80, 0x00}},
  {1643, 0x12B, 8, {0x00, 0x00, 0x00, 0xBC, 0x10, 0x00, 0x00, 0x00}},
  {1649, 0x301, 8, {0x00, 0x00, 0x00, 0x85, 0x00, 0x00, 0x00, 0xB6}},
  {1649, 0x302, 8, {0x8B, 0xA5, 0x00, 0x00, 0x8B, 0xCA, 0x5B, 0x32}},
  {1649, 0x304, 8, {0x08, 0x00, 0x00, 0x00, 0x80, 0x00, 0x00, 0x00}},
  {1649, 0x30C, 2, {0x04, 0xF7, 0x00, 0x00, 0x00, 0x00, 0x00, 0x00}},
  {1650, 0x310, 8, {0x00, 0x00, 0x00, 0x00, 0x00, 0x00, 0x00, 0x00}},
  {1650, 0x311, 8, {0x00, 0x00, 0x00, 0x00, 0x01, 0x70, 0x00, 0x00}},
  {1650, 0x312, 8, {0x40, 0x00, 0xBF, 0xFD, 0xFF, 0xFF, 0x40, 0x00}},
  {1650, 0x313, 8, {0x00, 0x00, 0xBF, 0xFD, 0xFF, 0xFF, 0x00, 0x00}},
  {1651, 0x314, 5, {0xB5, 0x00, 0x00, 0x1C, 0x48, 0x00, 0x00, 0x00}},
  {1651, 0x540, 8, {0x15, 0x00, 0x80, 0x00, 0x7D, 0x76, 0x00, 0x00}},
  {1651, 0x542, 8, {0x80, 0x00, 0x80, 0x00, 0x86, 0xCE, 0x80, 0x00}},
  {1653, 0x12B, 8, {0x00, 0x00, 0x00, 0xC6, 0x10, 0x00, 0x00, 0x00}},
  {1714, 0x301, 8, {0x00, 0x00, 0x00, 0x85, 0x00, 0x00, 0x00, 0xB6}},
  {1714, 0x302, 8, {0x8B, 0xA5, 0x00, 0x00, 0x8B, 0xCA, 0x5B, 0x32}},
  {1719, 0x301, 8, {0x00, 0x00, 0x00, 0x85, 0x00, 0x00, 0x00, 0xB6}},
  {1719, 0x302, 8, {0x8B, 0xA5, 0x00, 0x00, 0x8B, 0xCA, 0x5B, 0x32}},
  {1719, 0x304, 8, {0x08, 0x00, 0x00, 0x00, 0x80, 0x00, 0x00, 0x00}},
  {1720, 0x310, 8, {0x00, 0x00, 0x00, 0x00, 0x00, 0x00, 0x00, 0x00}},
  {1720, 0x311, 8, {0x00, 0x00, 0x00, 0x00, 0x01, 0x70, 0x00, 0x00}},
  {1720, 0x312, 8, {0x40, 0x00, 0xBF, 0xFD, 0xFF, 0xFF, 0x40, 0x00}},
  {1720, 0x313, 8, {0x00, 0x00, 0xBF, 0xFD, 0xFF, 0xFF, 0x00, 0x00}},
  {1720, 0x447, 8, {0x00, 0x02, 0x9C, 0x27, 0x00, 0x00, 0x54, 0x80}},
  {1721, 0x540, 8, {0x15, 0x00, 0x80, 0x00, 0x7D, 0x76, 0x00, 0x00}},
  {1721, 0x542, 8, {0x80, 0x00, 0x80, 0x00, 0x86, 0xCE, 0x80, 0x00}},
  {1723, 0x12B, 8, {0x00, 0x00, 0x00, 0xB9, 0x10, 0x00, 0x00, 0x00}},
  {1729, 0x301, 8, {0x00, 0x00, 0x00, 0x85, 0x00, 0x00, 0x00, 0xB6}},
  {1729, 0x302, 8, {0x8B, 0xA5, 0x00, 0x00, 0x8B, 0xCA, 0x5B, 0x32}},
  {1729, 0x304, 8, {0x08, 0x00, 0x00, 0x00, 0x80, 0x00, 0x00, 0x00}},
  {1729, 0x310, 8, {0x00, 0x00, 0x00, 0x00, 0x00, 0x00, 0x00, 0x00}},
  {1730, 0x30C, 2, {0x05, 0x0F, 0x00, 0x00, 0x00, 0x00, 0x00, 0x00}},
  {1730, 0x311, 8, {0x00, 0x00, 0x00, 0x00, 0x01, 0x70, 0x00, 0x00}},
  {1730, 0x312, 8, {0x40, 0x00, 0xBF, 0xFD, 0xFF, 0xFF, 0x40, 0x00}},
  {1730, 0x313, 8, {0x00, 0x00, 0xBF, 0xFD, 0xFF, 0xFF, 0x00, 0x00}},
  {1731, 0x314, 5, {0xB5, 0x00, 0x00, 0x1C, 0x48, 0x00, 0x00, 0x00}},
  {1731, 0x540, 8, {0x15, 0x00, 0x80, 0x00, 0x7D, 0x76, 0x00, 0x00}},
  {1731, 0x542, 8, {0x80, 0x00, 0x80, 0x00, 0x86, 0xCE, 0x80, 0x00}},
  {1733, 0x12B, 8, {0x00, 0x00, 0x00, 0xBC, 0x10, 0x00, 0x00, 0x00}},
  {1739, 0x301, 8, {0x00, 0x00, 0x00, 0x85, 0x00, 0x00, 0x00, 0xB6}},
  {1739, 0x302, 8, {0x8B, 0xA5, 0x00, 0x00, 0x8B, 0xCA, 0x5B, 0x32}},
  {1739, 0x304, 8, {0x08, 0x00, 0x00, 0x00, 0x80, 0x00, 0x00, 0x00}},
  {1739, 0x30C, 2, {0x05, 0x11, 0x00, 0x00, 0x00, 0x00, 0x00, 0x00}},
  {1740, 0x310, 8, {0x00, 0x00, 0x00, 0x00, 0x00, 0x00, 0x00, 0x00}},
  {1740, 0x311, 8, {0x00, 0x00, 0x00, 0x00, 0x01, 0x70, 0x00, 0x00}},
  {1740, 0x312, 8, {0x40, 0x00, 0xBF, 0xFD, 0xFF, 0xFF, 0x40, 0x00}},
  {1740, 0x313, 8, {0x00, 0x00, 0xBF, 0xFD, 0xFF, 0xFF, 0x00, 0x00}},
  {1741, 0x315, 8, {0x00, 0x00, 0x00, 0x00, 0x00, 0x00, 0x00, 0x00}},
  {1741, 0x540, 8, {0x15, 0x00, 0x80, 0x00, 0x7D, 0x76, 0x00, 0x00}},
  {1741, 0x542, 8, {0x80, 0x00, 0x80, 0x00, 0x86, 0xCE, 0x80, 0x00}},
  {1743, 0x12B, 8, {0x00, 0x00, 0x00, 0xB5, 0x10, 0x00, 0x00, 0x00}},
  {1749, 0x301, 8, {0x00, 0x00, 0x00, 0x85, 0x00, 0x00, 0x00, 0xB6}},
  {1749, 0x302, 8, {0x8B, 0xA5, 0x00, 0x00, 0x8B, 0xCA, 0x5B, 0x32}},
  {1749, 0x304, 8, {0x08, 0x00, 0x00, 0x00, 0x80, 0x00, 0x00, 0x00}},
  {1749, 0x30C, 2, {0x05, 0x12, 0x00, 0x00, 0x00, 0x00, 0x00, 0x00}},
  {1750, 0x310, 8, {0x00, 0x00, 0x00, 0x00, 0x00, 0x00, 0x00, 0x00}},
  {1750, 0x311, 8, {0x00, 0x00, 0x00, 0x00, 0x01, 0x70, 0x00, 0x00}},
  {1750, 0x312, 8, {0x40, 0x00, 0xBF, 0xFD, 0xFF, 0xFF, 0x40, 0x00}},
  {1750, 0x313, 8, {0x00, 0x00, 0xBF, 0xFD, 0xFF, 0xFF, 0x00, 0x00}},
  {1751, 0x314, 5, {0xB5, 0x00, 0x00, 0x1C, 0x48, 0x00, 0x00, 0x00}},
  {1751, 0x540, 8, {0x15, 0x00, 0x80, 0x00, 0x7D, 0x76, 0x00, 0x00}},
  {1751, 0x542, 8, {0x80, 0x00, 0x80, 0x00, 0x86, 0xCE, 0x80, 0x00}},
  {1753, 0x12B, 8, {0x00, 0x00, 0x00, 0xB9, 0x10, 0x00, 0x00, 0x00}},
  {1758, 0x448, 8, {0x08, 0x34, 0x94, 0x00, 0x03, 0xD6, 0x09, 0x3E}},
  {1759, 0x301, 8, {0x00, 0x00, 0x00, 0x85, 0x00, 0x00, 0x00, 0xB6}},
  {1759, 0x302, 8, {0x8B, 0xA5, 0x00, 0x00, 0x8B, 0xCA, 0x5B, 0x32}},
  {1759, 0x304, 8, {0x08, 0x00, 0x00, 0x00, 0x80, 0x00, 0x00, 0x00}},
  {1759, 0x30C, 2, {0x05, 0x14, 0x00, 0x00, 0x00, 0x00, 0x00, 0x00}},
  {1760, 0x310, 8, {0x00, 0x00, 0x00, 0x00, 0x00, 0x00, 0x00, 0x00}},
  {1760, 0x311, 8, {0x00, 0x00, 0x00, 0x00, 0x01, 0x70, 0x00, 0x00}},
  {1760, 0x312, 8, {0x40, 0x00, 0xBF, 0xFD, 0xFF, 0xFF, 0x40, 0x00}},
  {1760, 0x313, 8, {0x00, 0x00, 0xBF, 0xFD, 0xFF, 0xFF, 0x00, 0x00}},
  {1816, 0x540, 8, {0x15, 0x00, 0x80, 0x00, 0x7D, 0x76, 0x00, 0x00}},
  {1816, 0x542, 8, {0x80, 0x00, 0x80, 0x00, 0x86, 0xCE, 0x80, 0x00}},
  {1819, 0x301, 8, {0x00, 0x00, 0x00, 0x85, 0x00, 0x00, 0x00, 0xB6}},
  {1819, 0x304, 8, {0x08, 0x00, 0x00, 0x00, 0x80, 0x00, 0x00, 0x00}},
  {1819, 0x302, 8, {0x8B, 0xA5, 0x00, 0x00, 0x8B, 0xCA, 0x5B, 0x32}},
  {1820, 0x310, 8, {0x00, 0x00, 0x00, 0x00, 0x00, 0x00, 0x00, 0x00}},
  {1820, 0x311, 8, {0x00, 0x00, 0x00, 0x00, 0x01, 0x70, 0x00, 0x00}},
  {1820, 0x312, 8, {0x40, 0x00, 0xBF, 0xFD, 0xFF, 0xFF, 0x40, 0x00}},
  {1820, 0x313, 8, {0x00, 0x00, 0xBF, 0xFD, 0xFF, 0xFF, 0x00, 0x00}},
  {1821, 0x447, 8, {0x00, 0x02, 0x9C, 0x27, 0x00, 0x00, 0x54, 0x80}},
  {1821, 0x540, 8, {0x15, 0x00, 0x80, 0x00, 0x7D, 0x76, 0x00, 0x00}},
  {1821, 0x542, 8, {0x80, 0x00, 0x80, 0x00, 0x86, 0xCE, 0x80, 0x00}},
  {1823, 0x12B, 8, {0x00, 0x00, 0x00, 0xAB, 0x10, 0x00, 0x00, 0x00}},
  {1829, 0x301, 8, {0x00, 0x00, 0x00, 0x85, 0x00, 0x00, 0x00, 0xB6}},
  {1829, 0x302, 8, {0x8B, 0xA5, 0x00, 0x00, 0x8B, 0xCA, 0x5B, 0x32}},
  {1829, 0x304, 8, {0x08, 0x00, 0x00, 0x00, 0x80, 0x00, 0x00, 0x00}},
  {1829, 0x30C, 2, {0x05, 0x11, 0x00, 0x00, 0x00, 0x00, 0x00, 0x00}},
  {1830, 0x310, 8, {0x00, 0x00, 0x00, 0x00, 0x00, 0x00, 0x00, 0x00}},
  {1830, 0x311, 8, {0x00, 0x00, 0x00, 0x00, 0x01, 0x70, 0x00, 0x00}},
  {1830, 0x312, 8, {0x40, 0x00, 0xBF, 0xFD, 0xFF, 0xFF, 0x40, 0x00}},
  {1830, 0x313, 8, {0x00, 0x00, 0xBF, 0xFD, 0xFF, 0xFF, 0x00, 0x00}},
  {1831, 0x314, 5, {0xB5, 0x00, 0x00, 0x1C, 0x48, 0x00, 0x00, 0x00}},
  {1831, 0x540, 8, {0x15, 0x00, 0x80, 0x00, 0x7D, 0x76, 0x00, 0x00}},
  {1831, 0x542, 8, {0x80, 0x00, 0x80, 0x00, 0x86, 0xCE, 0x80, 0x00}},
  {1833, 0x12B, 8, {0x00, 0x00, 0x00, 0xAD, 0x10, 0x00, 0x00, 0x00}},
  {1839, 0x301, 8, {0x00, 0x00, 0x00, 0x85, 0x00, 0x00, 0x00, 0xB6}},
  {1839, 0x302, 8, {0x8B, 0xA5, 0x00, 0x00, 0x8B, 0xCA, 0x5B, 0x32}},
  {1839, 0x304, 8, {0x08, 0x00, 0x00, 0x00, 0x80, 0x00, 0x00, 0x00}},
  {1839, 0x30C, 2, {0x05, 0x10, 0x00, 0x00, 0x00, 0x00, 0x00, 0x00}},
  {1840, 0x310, 8, {0x00, 0x00, 0x00, 0x00, 0x00, 0x00, 0x00, 0x00}},
  {1840, 0x311, 8, {0x00, 0x00, 0x00, 0x00, 0x01, 0x70, 0x00, 0x00}},
  {1840, 0x312, 8, {0x40, 0x00, 0xBF, 0xFD, 0xFF, 0xFF, 0x40, 0x00}},
  {1840, 0x313, 8, {0x00, 0x00, 0xBF, 0xFD, 0xFF, 0xFF, 0x00, 0x00}},
  {1841, 0x315, 8, {0x00, 0x00, 0x00, 0x00, 0x00, 0x00, 0x00, 0x00}},
  {1841, 0x540, 8, {0x15, 0x00, 0x80, 0x00, 0x7D, 0x76, 0x00, 0x00}},
  {1841, 0x542, 8, {0x80, 0x00, 0x80, 0x00, 0x86, 0xCE, 0x80, 0x00}},
  {1843, 0x12B, 8, {0x00, 0x00, 0x00, 0xB2, 0x10, 0x00, 0x00, 0x00}},
  {1849, 0x301, 8, {0x00, 0x00, 0x00, 0x85, 0x00, 0x00, 0x00, 0xB6}},
  {1849, 0x302, 8, {0x8B, 0xA5, 0x00, 0x00, 0x8B, 0xCA, 0x5B, 0x32}},
  {1849, 0x304, 8, {0x08, 0x00, 0x00, 0x00, 0x80, 0x00, 0x00, 0x00}},
  {1849, 0x30C, 2, {0x05, 0x0E, 0x00, 0x00, 0x00, 0x00, 0x00, 0x00}},
  {1850, 0x310, 8, {0x00, 0x00, 0x00, 0x00, 0x00, 0x00, 0x00, 0x00}},
  {1850, 0x311, 8, {0x00, 0x00, 0x00, 0x00, 0x01, 0x70, 0x00, 0x00}},
  {1850, 0x312, 8, {0x40, 0x00, 0xBF, 0xFD, 0xFF, 0xFF, 0x40, 0x00}},
  {1850, 0x313, 8, {0x00, 0x00, 0xBF, 0xFD, 0xFF, 0xFF, 0x00, 0x00}},
  {1851, 0x314, 5, {0xB5, 0x00, 0x00, 0x1C, 0x48, 0x00, 0x00, 0x00}},
  {1851, 0x540, 8, {0x15, 0x00, 0x80, 0x00, 0x7D, 0x76, 0x00, 0x00}},
  {1851, 0x542, 8, {0x80, 0x00, 0x80, 0x00, 0x86, 0xCE, 0x80, 0x00}},
  {1853, 0x12B, 8, {0x00, 0x00, 0x00, 0xA7, 0x10, 0x00, 0x00, 0x00}},
  {1859, 0x301, 8, {0x00, 0x00, 0x00, 0x85, 0x00, 0x00, 0x00, 0xB6}},
  {1859, 0x302, 8, {0x8B, 0xA5, 0x00, 0x00, 0x8B, 0xCA, 0x5B, 0x32}},
  {1859, 0x304, 8, {0x08, 0x00, 0x00, 0x00, 0x80, 0x00, 0x00, 0x00}},
  {1859, 0x30C, 2, {0x05, 0x0C, 0x00, 0x00, 0x00, 0x00, 0x00, 0x00}},
  {1860, 0x310, 8, {0x00, 0x00, 0x00, 0x00, 0x00, 0x00, 0x00, 0x00}},
  {1860, 0x311, 8, {0x00, 0x00, 0x00, 0x00, 0x01, 0x70, 0x00, 0x00}},
  {1860, 0x312, 8, {0x40, 0x00, 0xBF, 0xFD, 0xFF, 0xFF, 0x40, 0x00}},
  {1860, 0x313, 8, {0x00, 0x00, 0xBF, 0xFD, 0xFF, 0xFF, 0x00, 0x00}},
  {1861, 0x540, 8, {0x15, 0x00, 0x80, 0x00, 0x7D, 0x76, 0x00, 0x00}},
  {1892, 0x12B, 8, {0x00, 0x00, 0x00, 0xAA, 0x10, 0x00, 0x00, 0x00}},
  {1893, 0x542, 8, {0x80, 0x00, 0x80, 0x00, 0x86, 0xCE, 0x80, 0x00}},
  {1899, 0x301, 8, {0x00, 0x00, 0x00, 0x85, 0x00, 0x00, 0x00, 0xB6}},
  {1899, 0x302, 8, {0x8B, 0xA5, 0x00, 0x00, 0x8B, 0xCA, 0x5B, 0x32}},
  {1899, 0x304, 8, {0x08, 0x00, 0x00, 0x00, 0x80, 0x00, 0x00, 0x00}},
  {1900, 0x310, 8, {0x00, 0x00, 0x00, 0x00, 0x00, 0x00, 0x00, 0x00}},
  {1900, 0x311, 8, {0x00, 0x00, 0x00, 0x00, 0x01, 0x70, 0x00, 0x00}},
  {1900, 0x312, 8, {0x40, 0x00, 0xBF, 0xFD, 0xFF, 0xFF, 0x40, 0x00}},
  {1900, 0x313, 8, {0x00, 0x00, 0xBF, 0xFD, 0xFF, 0xFF, 0x00, 0x00}},
  {1900, 0x540, 8, {0x15, 0x00, 0x80, 0x00, 0x7D, 0x76, 0x00, 0x00}},
  {1901, 0x542, 8, {0x80, 0x00, 0x80, 0x00, 0x86, 0xCE, 0x80, 0x00}},
  {1901, 0x30C, 2, {0x05, 0x05, 0x00, 0x00, 0x00, 0x00, 0x00, 0x00}},
  {1903, 0x12B, 8, {0x00, 0x00, 0x00, 0xAA, 0x10, 0x00, 0x00, 0x00}},
  {1909, 0x301, 8, {0x00, 0x00, 0x00, 0x85, 0x00, 0x00, 0x00, 0xB6}},
  {1909, 0x302, 8, {0x8B, 0xA5, 0x00, 0x00, 0x8B, 0xCA, 0x5B, 0x32}},
  {1909, 0x304, 8, {0x08, 0x00, 0x00, 0x00, 0x80, 0x00, 0x00, 0x00}},
  {1909, 0x30C, 2, {0x05, 0x02, 0x00, 0x00, 0x00, 0x00, 0x00, 0x00}},
  {1910, 0x310, 8, {0x00, 0x00, 0x00, 0x00, 0x00, 0x00, 0x00, 0x00}},
  {1910, 0x311, 8, {0x00, 0x00, 0x00, 0x00, 0x01, 0x70, 0x00, 0x00}},
  {1910, 0x312, 8, {0x40, 0x00, 0xBF, 0xFD, 0xFF, 0xFF, 0x40, 0x00}},
  {1910, 0x313, 8, {0x00, 0x00, 0xBF, 0xFD, 0xFF, 0xFF, 0x00, 0x00}},
  {1911, 0x314, 5, {0xB5, 0x00, 0x00, 0x1C, 0x48, 0x00, 0x00, 0x00}},
  {1911, 0x540, 8, {0x15, 0x00, 0x80, 0x00, 0x7D, 0x76, 0x00, 0x00}},
  {1911, 0x542, 8, {0x80, 0x00, 0x80, 0x00, 0x86, 0xCE, 0x80, 0x00}},
  {1913, 0x12B, 8, {0x00, 0x00, 0x00, 0xA3, 0x10, 0x00, 0x00, 0x00}},
  {1919, 0x301, 8, {0x00, 0x00, 0x00, 0x85, 0x00, 0x00, 0x00, 0xB6}},
  {1919, 0x302, 8, {0x8B, 0xA5, 0x00, 0x00, 0x8B, 0xCA, 0x5B, 0x32}},
  {1919, 0x304, 8, {0x08, 0x00, 0x00, 0x00, 0x80, 0x00, 0x00, 0x00}},
  {1919, 0x30C, 2, {0x05, 0x00, 0x00, 0x00, 0x00, 0x00, 0x00, 0x00}},
  {1920, 0x310, 8, {0x00, 0x00, 0x00, 0x00, 0x00, 0x00, 0x00, 0x00}},
  {1920, 0x311, 8, {0x00, 0x00, 0x00, 0x00, 0x01, 0x70, 0x00, 0x00}},
  {1920, 0x312, 8, {0x40, 0x00, 0xBF, 0xFD, 0xFF, 0xFF, 0x40, 0x00}},
  {1920, 0x313, 8, {0x00, 0x00, 0xBF, 0xFD, 0xFF, 0xFF, 0x00, 0x00}},
  {1921, 0x447, 8, {0x00, 0x02, 0x9C, 0x27, 0x00, 0x00, 0x54, 0x80}},
  {1921, 0x540, 8, {0x15, 0x00, 0x80, 0x00, 0x7D, 0x76, 0x00, 0x00}},
  {1921, 0x542, 8, {0x80, 0x00, 0x80, 0x00, 0x86, 0xCE, 0x80, 0x00}},
  {1923, 0x12B, 8, {0x00, 0x00, 0x00, 0xA9, 0x10, 0x00, 0x00, 0x00}},
  {1929, 0x301, 8, {0x00, 0x00, 0x00, 0x85, 0x00, 0x00, 0x00, 0xB6}},
  {1929, 0x302, 8, {0x8B, 0xA5, 0x00, 0x00, 0x8B, 0xCA, 0x5B, 0x32}},
  {1929, 0x304, 8, {0x08, 0x00, 0x00, 0x00, 0x80, 0x00, 0x00, 0x00}},
  {1929, 0x30C, 2, {0x04, 0xFE, 0x00, 0x00, 0x00, 0x00, 0x00, 0x00}},
  {1930, 0x310, 8, {0x00, 0x00, 0x00, 0x00, 0x00, 0x00, 0x00, 0x00}},
  {1930, 0x311, 8, {0x00, 0x00, 0x00, 0x00, 0x01, 0x70, 0x00, 0x00}},
  {1930, 0x312, 8, {0x40, 0x00, 0xBF, 0xFD, 0xFF, 0xFF, 0x40, 0x00}},
  {1930, 0x313, 8, {0x00, 0x00, 0xBF, 0xFD, 0xFF, 0xFF, 0x00, 0x00}},
  {1931, 0x314, 5, {0xB5, 0x00, 0x00, 0x1C, 0x48, 0x00, 0x00, 0x00}},
  {1931, 0x540, 8, {0x15, 0x00, 0x80, 0x00, 0x7D, 0x76, 0x00, 0x00}},
  {1931, 0x542, 8, {0x80, 0x00, 0x80, 0x00, 0x86, 0xCE, 0x80, 0x00}},
  {1933, 0x12B, 8, {0x00, 0x00, 0x00, 0xA6, 0x10, 0x00, 0x00, 0x00}},
  {1939, 0x301, 8, {0x00, 0x00, 0x00, 0x85, 0x00, 0x00, 0x00, 0xB6}},
  {1939, 0x302, 8, {0x8B, 0xA5, 0x00, 0x00, 0x8B, 0xCA, 0x5B, 0x32}},
  {1939, 0x304, 8, {0x08, 0x00, 0x00, 0x00, 0x80, 0x00, 0x00, 0x00}},
  {1939, 0x30C, 2, {0x04, 0xFB, 0x00, 0x00, 0x00, 0x00, 0x00, 0x00}},
  {1940, 0x310, 8, {0x00, 0x00, 0x00, 0x00, 0x00, 0x00, 0x00, 0x00}},
  {1940, 0x311, 8, {0x00, 0x00, 0x00, 0x00, 0x01, 0x70, 0x00, 0x00}},
  {1940, 0x312, 8, {0x40, 0x00, 0xBF, 0xFD, 0xFF, 0xFF, 0x40, 0x00}},
  {1940, 0x313, 8, {0x00, 0x00, 0xBF, 0xFD, 0xFF, 0xFF, 0x00, 0x00}},
  {1941, 0x315, 8, {0x00, 0x00, 0x00, 0x00, 0x00, 0x00, 0x00, 0x00}},
  {2006, 0x542, 8, {0x80, 0x00, 0x80, 0x00, 0x86, 0xCE, 0x80, 0x00}},
  {2007, 0x540, 8, {0x15, 0x00, 0x80, 0x00, 0x7D, 0x76, 0x00, 0x00}},
  {2009, 0x301, 8, {0x00, 0x00, 0x00, 0x85, 0x00, 0x00, 0x00, 0xB6}},
  {2009, 0x304, 8, {0x08, 0x00, 0x00, 0x00, 0x80, 0x00, 0x00, 0x00}},
  {2009, 0x302, 8, {0x8B, 0xA5, 0x00, 0x00, 0x8B, 0xCA, 0x5B, 0x32}},
  {2010, 0x310, 8, {0x00, 0x00, 0x00, 0x00, 0x00, 0x00, 0x00, 0x00}},
  {2010, 0x311, 8, {0x00, 0x00, 0x00, 0x00, 0x01, 0x70, 0x00, 0x00}},
  {2010, 0x312, 8, {0x40, 0x00, 0xBF, 0xFD, 0xFF, 0xFF, 0x40, 0x00}},
  {2010, 0x313, 8, {0x00, 0x00, 0xBF, 0xFD, 0xFF, 0xFF, 0x00, 0x00}},
  {2011, 0x314, 5, {0xB5, 0x00, 0x00, 0x1C, 0x48, 0x00, 0x00, 0x00}},
  {2011, 0x540, 8, {0x15, 0x00, 0x80, 0x00, 0x7D, 0x76, 0x00, 0x00}},
  {2011, 0x542, 8, {0x80, 0x00, 0x80, 0x00, 0x86, 0xCE, 0x80, 0x00}},
  {2013, 0x12B, 8, {0x00, 0x00, 0x00, 0xA2, 0x10, 0x00, 0x00, 0x00}},
  {2019, 0x301, 8, {0x00, 0x00, 0x00, 0x85, 0x00, 0x00, 0x00, 0xB6}},
  {2019, 0x302, 8, {0x8B, 0xA5, 0x00, 0x00, 0x8B, 0xCA, 0x5B, 0x32}},
  {2019, 0x304, 8, {0x08, 0x00, 0x00, 0x00, 0x80, 0x00, 0x00, 0x00}},
  {2019, 0x30C, 2, {0x04, 0xE3, 0x00, 0x00, 0x00, 0x00, 0x00, 0x00}},
  {2020, 0x310, 8, {0x00, 0x00, 0x00, 0x00, 0x00, 0x00, 0x00, 0x00}},
  {2020, 0x311, 8, {0x00, 0x00, 0x00, 0x00, 0x01, 0x70, 0x00, 0x00}},
  {2020, 0x312, 8, {0x40, 0x00, 0xBF, 0xFD, 0xFF, 0xFF, 0x40, 0x00}},
  {2020, 0x313, 8, {0x00, 0x00, 0xBF, 0xFD, 0xFF, 0xFF, 0x00, 0x00}},
  {2021, 0x540, 8, {0x15, 0x00, 0x80, 0x00, 0x7D, 0x76, 0x00, 0x00}},
  {2021, 0x542, 8, {0x80, 0x00, 0x80, 0x00, 0x86, 0xCE, 0x80, 0x00}},
  {2021, 0x447, 8, {0x00, 0x02, 0x9C, 0x28, 0x00, 0x00, 0x54, 0x80}},
  {2023, 0x12B, 8, {0x00, 0x00, 0x00, 0xA3, 0x10, 0x00, 0x00, 0x00}},
  {2029, 0x301, 8, {0x00, 0x00, 0x00, 0x85, 0x00, 0x00, 0x00, 0xB6}},
  {2029, 0x302, 8, {0x8B, 0xA5, 0x00, 0x00, 0x8B, 0xCA, 0x5B, 0x32}},
  {2029, 0x304, 8, {0x08, 0x00, 0x00, 0x00, 0x80, 0x00, 0x00, 0x00}},
  {2029, 0x30C, 2, {0x04, 0xDF, 0x00, 0x00, 0x00, 0x00, 0x00, 0x00}},
  {2030, 0x310, 8, {0x00, 0x00, 0x00, 0x00, 0x00, 0x00, 0x00, 0x00}},
  {2030, 0x311, 8, {0x00, 0x00, 0x00, 0x00, 0x01, 0x70, 0x00, 0x00}},
  {2030, 0x312, 8, {0x40, 0x00, 0xBF, 0xFD, 0xFF, 0xFF, 0x40, 0x00}},
  {2030, 0x313, 8, {0x00, 0x00, 0xBF, 0xFD, 0xFF, 0xFF, 0x00, 0x00}},
  {2031, 0x314, 5, {0xB5, 0x00, 0x00, 0x1C, 0x48, 0x00, 0x00, 0x00}},
  {2031, 0x540, 8, {0x15, 0x00, 0x80, 0x00, 0x7D, 0x76, 0x00, 0x00}},
  {2031, 0x542, 8, {0x80, 0x00, 0x80, 0x00, 0x86, 0xCE, 0x80, 0x00}},
  {2033, 0x12B, 8, {0x00, 0x00, 0x00, 0x96, 0x10, 0x00, 0x00, 0x00}},
  {2039, 0x301, 8, {0x00, 0x00, 0x00, 0x85, 0x00, 0x00, 0x00, 0xB6}},
  {2039, 0x302, 8, {0x8B, 0xA5, 0x00, 0x00, 0x8B, 0xCA, 0x5B, 0x32}},
  {2039, 0x304, 8, {0x08, 0x00, 0x00, 0x00, 0x80, 0x00, 0x00, 0x00}},
  {2039, 0x30C, 2, {0x04, 0xDC, 0x00, 0x00, 0x00, 0x00, 0x00, 0x00}},
  {2040, 0x310, 8, {0x00, 0x00, 0x00, 0x00, 0x00, 0x00, 0x00, 0x00}},
  {2040, 0x311, 8, {0x00, 0x00, 0x00, 0x00, 0x01, 0x70, 0x00, 0x00}},
  {2040, 0x312, 8, {0x40, 0x00, 0xBF, 0xFD, 0xFF, 0xFF, 0x40, 0x00}},
  {2040, 0x313, 8, {0x00, 0x00, 0xBF, 0xFD, 0xFF, 0xFF, 0x00, 0x00}},
  {2041, 0x315, 8, {0x00, 0x00, 0x00, 0x00, 0x00, 0x00, 0x00, 0x00}},
  {2041, 0x540, 8, {0x15, 0x00, 0x80, 0x00, 0x7D, 0x76, 0x00, 0x00}},
  {2041, 0x542, 8, {0x80, 0x00, 0x80, 0x00, 0x86, 0xCE, 0x80, 0x00}},
  {2043, 0x12B, 8, {0x00, 0x00, 0x00, 0x9A, 0x10, 0x00, 0x00, 0x00}},
  {2049, 0x301, 8, {0x00, 0x00, 0x00, 0x85, 0x00, 0x00, 0x00, 0xB6}},
  {2049, 0x302, 8, {0x8B, 0xA5, 0x00, 0x00, 0x8B, 0xCA, 0x5B, 0x32}},
  {2049, 0x304, 8, {0x08, 0x00, 0x00, 0x00, 0x80, 0x00, 0x00, 0x00}},
  {2049, 0x30C, 2, {0x04, 0xDA, 0x00, 0x00, 0x00, 0x00, 0x00, 0x00}},
  {2050, 0x310, 8, {0x00, 0x00, 0x00, 0x00, 0x00, 0x00, 0x00, 0x00}},
  {2050, 0x311, 8, {0x00, 0x00, 0x00, 0x00, 0x01, 0x70, 0x00, 0x00}},
  {2050, 0x312, 8, {0x40, 0x00, 0xBF, 0xFD, 0xFF, 0xFF, 0x40, 0x00}},
  {2050, 0x313, 8, {0x00, 0x00, 0xBF, 0xFD, 0xFF, 0xFF, 0x00, 0x00}},
  {2051, 0x314, 5, {0xB5, 0x00, 0x00, 0x1C, 0x48, 0x00, 0x00, 0x00}},
  {2112, 0x542, 8, {0x80, 0x00, 0x80, 0x00, 0x86, 0xCE, 0x80, 0x00}},
  {2113, 0x540, 8, {0x15, 0x00, 0x80, 0x00, 0x7D, 0x76, 0x00, 0x00}},
  {2119, 0x301, 8, {0x00, 0x00, 0x00, 0x85, 0x00, 0x00, 0x00, 0xB6}},
  {2119, 0x302, 8, {0x8B, 0xA5, 0x00, 0x00, 0x8B, 0xCA, 0x5B, 0x32}},
  {2119, 0x304, 8, {0x08, 0x00, 0x00, 0x00, 0x80, 0x00, 0x00, 0x00}},
  {2120, 0x310, 8, {0x00, 0x00, 0x00, 0x00, 0x00, 0x00, 0x00, 0x00}},
  {2120, 0x311, 8, {0x00, 0x00, 0x00, 0x00, 0x01, 0x70, 0x00, 0x00}},
  {2120, 0x312, 8, {0x40, 0x00, 0xBF, 0xFD, 0xFF, 0xFF, 0x40, 0x00}},
  {2120, 0x313, 8, {0x00, 0x00, 0xBF, 0xFD, 0xFF, 0xFF, 0x00, 0x00}},
  {2120, 0x540, 8, {0x15, 0x00, 0x80, 0x00, 0x7D, 0x76, 0x00, 0x00}},
  {2121, 0x542, 8, {0x80, 0x00, 0x80, 0x00, 0x86, 0xCE, 0x80, 0x00}},
  {2121, 0x30C, 2, {0x04, 0xB8, 0x00, 0x00, 0x00, 0x00, 0x00, 0x00}},
  {2123, 0x447, 8, {0x00, 0x02, 0x9C, 0x28, 0x00, 0x00, 0x54, 0x80}},
  {2123, 0x12B, 8, {0x00, 0x00, 0x00, 0x91, 0x10, 0x00, 0x00, 0x00}},
  {2129, 0x301, 8, {0x00, 0x00, 0x00, 0x85, 0x00, 0x00, 0x00, 0xB6}},
  {2129, 0x302, 8, {0x8B, 0xA5, 0x00, 0x00, 0x8B, 0xCA, 0x5B, 0x32}},
  {2129, 0x304, 8, {0x08, 0x00, 0x00, 0x00, 0x80, 0x00, 0x00, 0x00}},
  {2129, 0x30C, 2, {0x04, 0xB1, 0x00, 0x00, 0x00, 0x00, 0x00, 0x00}},
  {2130, 0x310, 8, {0x00, 0x00, 0x00, 0x00, 0x00, 0x00, 0x00, 0x00}},
  {2130, 0x311, 8, {0x00, 0x00, 0x00, 0x00, 0x01, 0x70, 0x00, 0x00}},
  {2130, 0x312, 8, {0x40, 0x00, 0xBF, 0xFD, 0xFF, 0xFF, 0x40, 0x00}},
  {2130, 0x313, 8, {0x00, 0x00, 0xBF, 0xFD, 0xFF, 0xFF, 0x00, 0x00}},
  {2131, 0x314, 5, {0xB5, 0x00, 0x00, 0x1C, 0x48, 0x00, 0x00, 0x00}},
  {2131, 0x540, 8, {0x15, 0x00, 0x80, 0x00, 0x7D, 0x76, 0x00, 0x00}},
  {2131, 0x542, 8, {0x80, 0x00, 0x80, 0x00, 0x86, 0xCE, 0x80, 0x00}},
  {2133, 0x12B, 8, {0x00, 0x00, 0x00, 0x8C, 0x10, 0x00, 0x00, 0x00}},
  {2139, 0x301, 8, {0x00, 0x00, 0x00, 0x85, 0x00, 0x00, 0x00, 0xB6}},
  {2139, 0x302, 8, {0x8B, 0xA5, 0x00, 0x00, 0x8B, 0xCA, 0x5B, 0x32}},
  {2139, 0x304, 8, {0x08, 0x00, 0x00, 0x00, 0x80, 0x00, 0x00, 0x00}},
  {2139, 0x30C, 2, {0x04, 0xAB, 0x00, 0x00, 0x00, 0x00, 0x00, 0x00}},
  {2140, 0x310, 8, {0x00, 0x00, 0x00, 0x00, 0x00, 0x00, 0x00, 0x00}},
  {2140, 0x311, 8, {0x00, 0x00, 0x00, 0x00, 0x01, 0x70, 0x00, 0x00}},
  {2140, 0x312, 8, {0x40, 0x00, 0xBF, 0xFD, 0xFF, 0xFF, 0x40, 0x00}},
  {2140, 0x313, 8, {0x00, 0x00, 0xBF, 0xFD, 0xFF, 0xFF, 0x00, 0x00}},
  {2141, 0x315, 8, {0x00, 0x00, 0x00, 0x00, 0x00, 0x00, 0x00, 0x00}},
  {2141, 0x540, 8, {0x15, 0x00, 0x80, 0x00, 0x7D, 0x76, 0x00, 0x00}},
  {2141, 0x542, 8, {0x80, 0x00, 0x80, 0x00, 0x86, 0xCE, 0x80, 0x00}},
  {2143, 0x12B, 8, {0x00, 0x00, 0x00, 0x95, 0x10, 0x00, 0x00, 0x00}},
  {2149, 0x301, 8, {0x00, 0x00, 0x00, 0x85, 0x00, 0x00, 0x00, 0xB6}},
  {2149, 0x302, 8, {0x8B, 0xA5, 0x00, 0x00, 0x8B, 0xCA, 0x5B, 0x32}},
  {2149, 0x304, 8, {0x08, 0x00, 0x00, 0x00, 0x80, 0x00, 0x00, 0x00}},
  {2149, 0x30C, 2, {0x04, 0xA6, 0x00, 0x00, 0x00, 0x00, 0x00, 0x00}},
  {2150, 0x310, 8, {0x00, 0x00, 0x00, 0x00, 0x00, 0x00, 0x00, 0x00}},
  {2150, 0x311, 8, {0x00, 0x00, 0x00, 0x00, 0x01, 0x70, 0x00, 0x00}},
  {2150, 0x312, 8, {0x40, 0x00, 0xBF, 0xFD, 0xFF, 0xFF, 0x40, 0x00}},
  {2150, 0x313, 8, {0x00, 0x00, 0xBF, 0xFD, 0xFF, 0xFF, 0x00, 0x00}},
  {2151, 0x314, 5, {0xB5, 0x00, 0x00, 0x1C, 0x48, 0x00, 0x00, 0x00}},
  {2151, 0x540, 8, {0x15, 0x00, 0x80, 0x00, 0x7D, 0x76, 0x00, 0x00}},
  {2151, 0x542, 8, {0x80, 0x00, 0x80, 0x00, 0x86, 0xCE, 0x80, 0x00}},
  {2153, 0x12B, 8, {0x00, 0x00, 0x00, 0xA0, 0x10, 0x00, 0x00, 0x00}},
  {2159, 0x301, 8, {0x00, 0x00, 0x00, 0x85, 0x00, 0x00, 0x00, 0xB6}},
  {2159, 0x302, 8, {0x8B, 0xA5, 0x00, 0x00, 0x8B, 0xCA, 0x5B, 0x32}},
  {2159, 0x304, 8, {0x08, 0x00, 0x00, 0x00, 0x80, 0x00, 0x00, 0x00}},
  {2159, 0x30C, 2, {0x04, 0xA0, 0x00, 0x00, 0x00, 0x00, 0x00, 0x00}},
  {2160, 0x310, 8, {0x00, 0x00, 0x00, 0x00, 0x00, 0x00, 0x00, 0x00}},
  {2160, 0x311, 8, {0x00, 0x00, 0x00, 0x00, 0x01, 0x70, 0x00, 0x00}},
  {2160, 0x312, 8, {0x40, 0x00, 0xBF, 0xFD, 0xFF, 0xFF, 0x40, 0x00}},
  {2160, 0x313, 8, {0x00, 0x00, 0xBF, 0xFD, 0xFF, 0xFF, 0x00, 0x00}},
  {2216, 0x540, 8, {0x15, 0x00, 0x80, 0x00, 0x7D, 0x76, 0x00, 0x00}},
  {2216, 0x542, 8, {0x80, 0x00, 0x80, 0x00, 0x86, 0xCE, 0x80, 0x00}},
  {2219, 0x301, 8, {0x00, 0x00, 0x00, 0x85, 0x00, 0x00, 0x00, 0xB6}},
  {2219, 0x302, 8, {0x8B, 0xA5, 0x00, 0x00, 0x8B, 0xCA, 0x5B, 0x32}},
  {2219, 0x304, 8, {0x08, 0x00, 0x00, 0x00, 0x80, 0x00, 0x00, 0x00}},
  {2220, 0x310, 8, {0x00, 0x00, 0x00, 0x00, 0x00, 0x00, 0x00, 0x00}},
  {2220, 0x311, 8, {0x00, 0x00, 0x00, 0x00, 0x01, 0x70, 0x00, 0x00}},
  {2220, 0x312, 8, {0x40, 0x00, 0xBF, 0xFD, 0xFF, 0xFF, 0x40, 0x00}},
  {2220, 0x313, 8, {0x00, 0x00, 0xBF, 0xFD, 0xFF, 0xFF, 0x00, 0x00}},
  {2221, 0x540, 8, {0x15, 0x00, 0x80, 0x00, 0x7D, 0x76, 0x00, 0x00}},
  {2221, 0x542, 8, {0x80, 0x00, 0x80, 0x00, 0x86, 0xCE, 0x80, 0x00}},
  {2222, 0x12B, 8, {0x00, 0x00, 0x00, 0xB9, 0x10, 0x00, 0x00, 0x00}},
  {2222, 0x447, 8, {0x00, 0x02, 0x9C, 0x28, 0x00, 0x00, 0x54, 0x80}},
  {2229, 0x301, 8, {0x00, 0x00, 0x00, 0x85, 0x00, 0x00, 0x00, 0xB6}},
  {2229, 0x302, 8, {0x8B, 0xA5, 0x00, 0x00, 0x8B, 0xCA, 0x5B, 0x32}},
  {2229, 0x304, 8, {0x08, 0x00, 0x00, 0x00, 0x80, 0x00, 0x00, 0x00}},
  {2229, 0x30C, 2, {0x04, 0xA3, 0x00, 0x00, 0x00, 0x00, 0x00, 0x00}},
  {2230, 0x310, 8, {0x00, 0x00, 0x00, 0x00, 0x00, 0x00, 0x00, 0x00}},
  {2230, 0x311, 8, {0x00, 0x00, 0x00, 0x00, 0x01, 0x70, 0x00, 0x00}},
  {2230, 0x312, 8, {0x40, 0x00, 0xBF, 0xFD, 0xFF, 0xFF, 0x40, 0x00}},
  {2230, 0x313, 8, {0x00, 0x00, 0xBF, 0xFD, 0xFF, 0xFF, 0x00, 0x00}},
  {2231, 0x314, 5, {0xB5, 0x00, 0x00, 0x1C, 0x48, 0x00, 0x00, 0x00}},
  {2231, 0x540, 8, {0x15, 0x00, 0x80, 0x00, 0x7D, 0x76, 0x00, 0x00}},
  {2231, 0x542, 8, {0x80, 0x00, 0x80, 0x00, 0x86, 0xCE, 0x80, 0x00}},
  {2233, 0x12B, 8, {0x00, 0x00, 0x00, 0xC3, 0x10, 0x00, 0x00, 0x00}},
  {2239, 0x301, 8, {0x00, 0x00, 0x00, 0x85, 0x00, 0x00, 0x00, 0xB6}},
  {2239, 0x302, 8, {0x8B, 0xA5, 0x00, 0x00, 0x8B, 0xCA, 0x5B, 0x32}},
  {2239, 0x304, 8, {0x08, 0x00, 0x00, 0x00, 0x80, 0x00, 0x00, 0x00}},
  {2239, 0x30C, 2, {0x04, 0xA8, 0x00, 0x00, 0x00, 0x00, 0x00, 0x00}},
  {2240, 0x310, 8, {0x00, 0x00, 0x00, 0x00, 0x00, 0x00, 0x00, 0x00}},
  {2240, 0x311, 8, {0x00, 0x00, 0x00, 0x00, 0x01, 0x70, 0x00, 0x00}},
  {2240, 0x312, 8, {0x40, 0x00, 0xBF, 0xFD, 0xFF, 0xFF, 0x40, 0x00}},
  {2240, 0x313, 8, {0x00, 0x00, 0xBF, 0xFD, 0xFF, 0xFF, 0x00, 0x00}},
  {2241, 0x315, 8, {0x00, 0x00, 0x00, 0x00, 0x00, 0x00, 0x00, 0x00}},
  {2241, 0x540, 8, {0x15, 0x00, 0x80, 0x00, 0x7D, 0x76, 0x00, 0x00}},
  {2241, 0x542, 8, {0x80, 0x00, 0x80, 0x00, 0x86, 0xCE, 0x80, 0x00}},
  {2243, 0x12B, 8, {0x00, 0x00, 0x00, 0xC3, 0x10, 0x00, 0x00, 0x00}},
  {2249, 0x301, 8, {0x00, 0x00, 0x00, 0x85, 0x00, 0x00, 0x00, 0xB6}},
  {2249, 0x302, 8, {0x8B, 0xA5, 0x00, 0x00, 0x8B, 0xCA, 0x5B, 0x32}},
  {2249, 0x304, 8, {0x08, 0x00, 0x00, 0x00, 0x80, 0x00, 0x00, 0x00}},
  {2249, 0x30C, 2, {0x04, 0xAD, 0x00, 0x00, 0x00, 0x00, 0x00, 0x00}},
  {2250, 0x310, 8, {0x00, 0x00, 0x00, 0x00, 0x00, 0x00, 0x00, 0x00}},
  {2250, 0x311, 8, {0x00, 0x00, 0x00, 0x00, 0x01, 0x70, 0x00, 0x00}},
  {2250, 0x312, 8, {0x40, 0x00, 0xBF, 0xFD, 0xFF, 0xFF, 0x40, 0x00}},
  {2250, 0x313, 8, {0x00, 0x00, 0xBF, 0xFD, 0xFF, 0xFF, 0x00, 0x00}},
  {2251, 0x314, 5, {0xB5, 0x00, 0x00, 0x1C, 0x48, 0x00, 0x00, 0x00}},
  {2251, 0x540, 8, {0x15, 0x00, 0x80, 0x00, 0x7D, 0x76, 0x00, 0x00}},
  {2251, 0x542, 8, {0x80, 0x00, 0x80, 0x00, 0x86, 0xCE, 0x80, 0x00}},
  {2253, 0x12B, 8, {0x00, 0x00, 0x00, 0xC6, 0x10, 0x00, 0x00, 0x00}},
  {2258, 0x448, 8, {0x08, 0x34, 0x94, 0x00, 0x03, 0xD6, 0x09, 0x3E}},
  {2259, 0x301, 8, {0x00, 0x00, 0x00, 0x85, 0x00, 0x00, 0x00, 0xB6}},
  {2259, 0x302, 8, {0x8B, 0xA5, 0x00, 0x00, 0x8B, 0xCA, 0x5B, 0x32}},
  {2259, 0x304, 8, {0x08, 0x00, 0x00, 0x00, 0x80, 0x00, 0x00, 0x00}},
  {2259, 0x30C, 2, {0x04, 0xB4, 0x00, 0x00, 0x00, 0x00, 0x00, 0x00}},
  {2260, 0x310, 8, {0x00, 0x00, 0x00, 0x00, 0x00, 0x00, 0x00, 0x00}},
  {2260, 0x311, 8, {0x00, 0x00, 0x00, 0x00, 0x01, 0x70, 0x00, 0x00}},
  {2260, 0x312, 8, {0x40, 0x00, 0xBF, 0xFD, 0xFF, 0xFF, 0x40, 0x00}},
  {2260, 0x313, 8, {0x00, 0x00, 0xBF, 0xFD, 0xFF, 0xFF, 0x00, 0x00}},
  {2297, 0x540, 8, {0x15, 0x00, 0x80, 0x00, 0x7D, 0x76, 0x00, 0x00}},
  {2298, 0x542, 8, {0x80, 0x00, 0x80, 0x00, 0x86, 0xCE, 0x80, 0x00}},
  {2300, 0x301, 8, {0x00, 0x00, 0x00, 0x85, 0x00, 0x00, 0x00, 0xB6}},
  {2300, 0x312, 8, {0x40, 0x00, 0xBF, 0xFD, 0xFF, 0xFF, 0x40, 0x00}},
  {2300, 0x313, 8, {0x00, 0x00, 0xBF, 0xFD, 0xFF, 0xFF, 0x00, 0x00}},
  {2301, 0x302, 8, {0x8B, 0xA5, 0x00, 0x00, 0x8B, 0xCA, 0x5B, 0x32}},
  {2301, 0x542, 8, {0x80, 0x00, 0x80, 0x00, 0x86, 0xCE, 0x80, 0x00}},
  {2302, 0x12B, 8, {0x00, 0x00, 0x00, 0xCD, 0x10, 0x00, 0x00, 0x00}},
  {2309, 0x301, 8, {0x00, 0x00, 0x00, 0x85, 0x00, 0x00, 0x00, 0xB6}},
  {2309, 0x302, 8, {0x8B, 0xA5, 0x00, 0x00, 0x8B, 0xCA, 0x5B, 0x32}},
  {2309, 0x304, 8, {0x08, 0x00, 0x00, 0x00, 0x80, 0x00, 0x00, 0x00}},
  {2309, 0x30C, 2, {0x04, 0xD9, 0x00, 0x00, 0x00, 0x00, 0x00, 0x00}},
  {2310, 0x310, 8, {0x00, 0x00, 0x00, 0x00, 0x00, 0x00, 0x00, 0x00}},
  {2310, 0x311, 8, {0x00, 0x00, 0x00, 0x00, 0x01, 0x70, 0x00, 0x00}},
  {2310, 0x312, 8, {0x40, 0x00, 0xBF, 0xFD, 0xFF, 0xFF, 0x40, 0x00}},
  {2310, 0x313, 8, {0x00, 0x00, 0xBF, 0xFD, 0xFF, 0xFF, 0x00, 0x00}},
  {2311, 0x314, 5, {0xB5, 0x00, 0x00, 0x1C, 0x48, 0x00, 0x00, 0x00}},
  {2311, 0x500, 8, {0x00, 0x00, 0x00, 0x00, 0x00, 0x00, 0x00, 0x00}},
  {2311, 0x540, 8, {0x15, 0x00, 0x80, 0x00, 0x7D, 0x76, 0x00, 0x00}},
  {2311, 0x542, 8, {0x80, 0x00, 0x80, 0x00, 0x86, 0xCE, 0x80, 0x00}},
  {2313, 0x12B, 8, {0x00, 0x00, 0x00, 0xC7, 0x10, 0x00, 0x00, 0x00}},
  {2319, 0x301, 8, {0x00, 0x00, 0x00, 0x85, 0x00, 0x00, 0x00, 0xB6}},
  {2319, 0x302, 8, {0x8B, 0xA5, 0x00, 0x00, 0x8B, 0xCA, 0x5B, 0x32}},
  {2319, 0x304, 8, {0x08, 0x00, 0x00, 0x00, 0x80, 0x00, 0x00, 0x00}},
  {2319, 0x30C, 2, {0x04, 0xDF, 0x00, 0x00, 0x00, 0x00, 0x00, 0x00}},
  {2320, 0x310, 8, {0x00, 0x00, 0x00, 0x00, 0x00, 0x00, 0x00, 0x00}},
  {2320, 0x311, 8, {0x00, 0x00, 0x00, 0x00, 0x01, 0x70, 0x00, 0x00}},
  {2320, 0x312, 8, {0x40, 0x00, 0xBF, 0xFD, 0xFF, 0xFF, 0x40, 0x00}},
  {2320, 0x313, 8, {0x00, 0x00, 0xBF, 0xFD, 0xFF, 0xFF, 0x00, 0x00}},
  {2321, 0x540, 8, {0x15, 0x00, 0x80, 0x00, 0x7D, 0x76, 0x00, 0x00}},
  {2321, 0x542, 8, {0x80, 0x00, 0x80, 0x00, 0x86, 0xCE, 0x80, 0x00}},
  {2322, 0x12B, 8, {0x00, 0x00, 0x00, 0xC3, 0x10, 0x00, 0x00, 0x00}},
  {2324, 0x447, 8, {0x00, 0x02, 0x9C, 0x28, 0x00, 0x00, 0x54, 0x80}},
  {2329, 0x301, 8, {0x00, 0x00, 0x00, 0x85, 0x00, 0x00, 0x00, 0xB6}},
  {2329, 0x302, 8, {0x8B, 0xA5, 0x00, 0x00, 0x8B, 0xCA, 0x5B, 0x32}},
  {2329, 0x304, 8, {0x08, 0x00, 0x00, 0x00, 0x80, 0x00, 0x00, 0x00}},
  {2329, 0x30C, 2, {0x04, 0xE6, 0x00, 0x00, 0x00, 0x00, 0x00, 0x00}},
  {2330, 0x310, 8, {0x00, 0x00, 0x00, 0x00, 0x00, 0x00, 0x00, 0x00}},
  {2330, 0x311, 8, {0x00, 0x00, 0x00, 0x00, 0x01, 0x70, 0x00, 0x00}},
  {2330, 0x312, 8, {0x40, 0x00, 0xBF, 0xFD, 0xFF, 0xFF, 0x40, 0x00}},
  {2330, 0x313, 8, {0x00, 0x00, 0xBF, 0xFD, 0xFF, 0xFF, 0x00, 0x00}},
  {2331, 0x314, 5, {0xB5, 0x00, 0x00, 0x1C, 0x48, 0x00, 0x00, 0x00}},
  {2331, 0x540, 8, {0x15, 0x00, 0x80, 0x00, 0x7D, 0x76, 0x00, 0x00}},
  {2331, 0x542, 8, {0x80, 0x00, 0x80, 0x00, 0x86, 0xCE, 0x80, 0x00}},
  {2333, 0x12B, 8, {0x00, 0x00, 0x00, 0xCE, 0x10, 0x00, 0x00, 0x00}},
  {2339, 0x301, 8, {0x00, 0x00, 0x00, 0x85, 0x00, 0x00, 0x00, 0xB6}},
  {2339, 0x302, 8, {0x8B, 0xA5, 0x00, 0x00, 0x8B, 0xCA, 0x5B, 0x32}},
  {2339, 0x304, 8, {0x08, 0x00, 0x00, 0x00, 0x80, 0x00, 0x00, 0x00}},
  {2339, 0x30C, 2, {0x04, 0xEC, 0x00, 0x00, 0x00, 0x00, 0x00, 0x00}},
  {2340, 0x310, 8, {0x00, 0x00, 0x00, 0x00, 0x00, 0x00, 0x00, 0x00}},
  {2340, 0x311, 8, {0x00, 0x00, 0x00, 0x00, 0x01, 0x70, 0x00, 0x00}},
  {2340, 0x312, 8, {0x40, 0x00, 0xBF, 0xFD, 0xFF, 0xFF, 0x40, 0x00}},
  {2340, 0x313, 8, {0x00, 0x00, 0xBF, 0xFD, 0xFF, 0xFF, 0x00, 0x00}},
  {2341, 0x315, 8, {0x00, 0x00, 0x00, 0x00, 0x00, 0x00, 0x00, 0x00}},
  {2341, 0x540, 8, {0x15, 0x00, 0x80, 0x00, 0x7D, 0x76, 0x00, 0x00}},
  {2341, 0x542, 8, {0x80, 0x00, 0x80, 0x00, 0x86, 0xCE, 0x80, 0x00}},
  {2343, 0x12B, 8, {0x00, 0x00, 0x00, 0xC1, 0x10, 0x00, 0x00, 0x00}},
  {2349, 0x301, 8, {0x00, 0x00, 0x00, 0x85, 0x00, 0x00, 0x00, 0xB6}},
  {2411, 0x304, 8, {0x08, 0x00, 0x00, 0x00, 0x80, 0x00, 0x00, 0x00}},
  {2412, 0x12B, 8, {0x00, 0x00, 0x00, 0xBD, 0x10, 0x00, 0x00, 0x00}},
  {2412, 0x302, 8, {0x8B, 0xA5, 0x00, 0x00, 0x8B, 0xCA, 0x5B, 0x32}},
  {2449, 0x301, 8, {0x00, 0x00, 0x00, 0x85, 0x00, 0x00, 0x00, 0xB6}},
  {2449, 0x304, 8, {0x08, 0x00, 0x00, 0x00, 0x80, 0x00, 0x00, 0x00}},
  {2449, 0x302, 8, {0x8B, 0xA5, 0x00, 0x00, 0x8B, 0xCA, 0x5B, 0x32}},
  {2450, 0x310, 8, {0x00, 0x00, 0x00, 0x00, 0x00, 0x00, 0x00, 0x00}},
  {2450, 0x311, 8, {0x00, 0x00, 0x00, 0x00, 0x01, 0x70, 0x00, 0x00}},
  {2450, 0x312, 8, {0x40, 0x00, 0xBF, 0xFD, 0xFF, 0xFF, 0x40, 0x00}},
  {2450, 0x314, 5, {0xB5, 0x00, 0x00, 0x1C, 0x48, 0x00, 0x00, 0x00}},
  {2451, 0x313, 8, {0x00, 0x00, 0xBF, 0xFD, 0xFF, 0xFF, 0x00, 0x00}},
  {2451, 0x540, 8, {0x15, 0x00, 0x80, 0x00, 0x7D, 0x76, 0x00, 0x00}},
  {2451, 0x542, 8, {0x80, 0x00, 0x80, 0x00, 0x86, 0xCE, 0x80, 0x00}},
  {2453, 0x12B, 8, {0x00, 0x00, 0x00, 0xB6, 0x10, 0x00, 0x00, 0x00}},
  {2459, 0x301, 8, {0x00, 0x00, 0x00, 0x85, 0x00, 0x00, 0x00, 0xB6}},
  {2459, 0x302, 8, {0x8B, 0xA5, 0x00, 0x00, 0x8B, 0xCA, 0x5B, 0x32}},
  {2459, 0x304, 8, {0x08, 0x00, 0x00, 0x00, 0x80, 0x00, 0x00, 0x00}},
  {2460, 0x310, 8, {0x00, 0x00, 0x00, 0x00, 0x00, 0x00, 0x00, 0x00}},
  {2460, 0x311, 8, {0x00, 0x00, 0x00, 0x00, 0x01, 0x70, 0x00, 0x00}},
  {2460, 0x312, 8, {0x40, 0x00, 0xBF, 0xFD, 0xFF, 0xFF, 0x40, 0x00}},
  {2460, 0x313, 8, {0x00, 0x00, 0xBF, 0xFD, 0xFF, 0xFF, 0x00, 0x00}},
  {2461, 0x540, 8, {0x15, 0x00, 0x80, 0x00, 0x7D, 0x76, 0x00, 0x00}},
  {2461, 0x542, 8, {0x80, 0x00, 0x80, 0x00, 0x86, 0xCE, 0x80, 0x00}},
  {2462, 0x12B, 8, {0x00, 0x00, 0x00, 0xBC, 0x10, 0x00, 0x00, 0x00}},
  {2469, 0x301, 8, {0x00, 0x00, 0x00, 0x85, 0x00, 0x00, 0x00, 0xB6}},
  {2469, 0x302, 8, {0x8B, 0xA5, 0x00, 0x00, 0x8B, 0xCA, 0x5B, 0x32}},
  {2469, 0x304, 8, {0x08, 0x00, 0x00, 0x00, 0x80, 0x00, 0x00, 0x00}},
  {2470, 0x310, 8, {0x00, 0x00, 0x00, 0x00, 0x00, 0x00, 0x00, 0x00}},
  {2470, 0x311, 8, {0x00, 0x00, 0x00, 0x00, 0x01, 0x70, 0x00, 0x00}},
  {2470, 0x312, 8, {0x40, 0x00, 0xBF, 0xFD, 0xFF, 0xFF, 0x40, 0x00}},
  {2470, 0x313, 8, {0x00, 0x00, 0xBF, 0xFD, 0xFF, 0xFF, 0x00, 0x00}},
  {2470, 0x314, 5, {0xB5, 0x00, 0x00, 0x1C, 0x48, 0x00, 0x00, 0x00}},
  {2471, 0x540, 8, {0x15, 0x00, 0x80, 0x00, 0x7D, 0x76, 0x00, 0x00}},
  {2471, 0x542, 8, {0x80, 0x00, 0x80, 0x00, 0x86, 0xCE, 0x80, 0x00}},
  {2473, 0x12B, 8, {0x00, 0x00, 0x00, 0xAF, 0x10, 0x00, 0x00, 0x00}},
  {2479, 0x301, 8, {0x00, 0x00, 0x00, 0x85, 0x00, 0x00, 0x00, 0xB6}},
  {2479, 0x302, 8, {0x8B, 0xA5, 0x00, 0x00, 0x8B, 0xCA, 0x5B, 0x32}},
  {2479, 0x304, 8, {0x08, 0x00, 0x00, 0x00, 0x80, 0x00, 0x00, 0x00}},
  {2480, 0x310, 8, {0x00, 0x00, 0x00, 0x00, 0x00, 0x00, 0x00, 0x00}},
  {2480, 0x311, 8, {0x00, 0x00, 0x00, 0x00, 0x01, 0x70, 0x00, 0x00}},
  {2480, 0x312, 8, {0x40, 0x00, 0xBF, 0xFD, 0xFF, 0xFF, 0x40, 0x00}},
  {2480, 0x313, 8, {0x00, 0x00, 0xBF, 0xFD, 0xFF, 0xFF, 0x00, 0x00}},
  {2481, 0x540, 8, {0x15, 0x00, 0x80, 0x00, 0x7D, 0x76, 0x00, 0x00}},
  {2481, 0x542, 8, {0x80, 0x00, 0x80, 0x00, 0x86, 0xCE, 0x80, 0x00}},
  {2482, 0x12B, 8, {0x00, 0x00, 0x00, 0xB1, 0x10, 0x00, 0x00, 0x00}},
  {2489, 0x301, 8, {0x00, 0x00, 0x00, 0x85, 0x00, 0x00, 0x00, 0xB6}},
  {2489, 0x302, 8, {0x8B, 0xA5, 0x00, 0x00, 0x8B, 0xCA, 0x5B, 0x32}},
  {2489, 0x304, 8, {0x08, 0x00, 0x00, 0x00, 0x80, 0x00, 0x00, 0x00}},
  {2489, 0x30C, 2, {0x05, 0x15, 0x00, 0x00, 0x00, 0x00, 0x00, 0x00}},
  {2490, 0x310, 8, {0x00, 0x00, 0x00, 0x00, 0x00, 0x00, 0x00, 0x00}},
  {2490, 0x311, 8, {0x00, 0x00, 0x00, 0x00, 0x01, 0x70, 0x00, 0x00}},
  {2490, 0x312, 8, {0x40, 0x00, 0xBF, 0xFD, 0xFF, 0xFF, 0x40, 0x00}},
  {2490, 0x313, 8, {0x00, 0x00, 0xBF, 0xFD, 0xFF, 0xFF, 0x00, 0x00}},
  {2491, 0x314, 5, {0xB5, 0x00, 0x00, 0x1C, 0x48, 0x00, 0x00, 0x00}},
  {2491, 0x315, 8, {0x00, 0x00, 0x00, 0x00, 0x00, 0x00, 0x00, 0x00}},
  {2491, 0x316, 8, {0x00, 0x03, 0x69, 0x00, 0x00, 0x00, 0x00, 0x00}},
  {2491, 0x540, 8, {0x15, 0x00, 0x80, 0x01, 0x7D, 0x76, 0x00, 0x00}},
  {2557, 0x542, 8, {0x80, 0x00, 0x80, 0x00, 0x86, 0xCE, 0x80, 0x00}},
  {2558, 0x12B, 8, {0x00, 0x00, 0x00, 0xB3, 0x10, 0x00, 0x00, 0x00}},
  {2560, 0x301, 8, {0x00, 0x00, 0x00, 0x85, 0x00, 0x00, 0x00, 0xB6}},
  {2560, 0x312, 8, {0x40, 0x00, 0xBF, 0xFD, 0xFF, 0xFF, 0x40, 0x00}},
  {2560, 0x302, 8, {0x8B, 0xA5, 0x00, 0x00, 0x8B, 0xCA, 0x5B, 0x32}},
  {2561, 0x540, 8, {0x15, 0x00, 0x80, 0x00, 0x7D, 0x76, 0x00, 0x00}},
  {2561, 0x542, 8, {0x80, 0x00, 0x80, 0x00, 0x86, 0xCE, 0x80, 0x00}},
  {2562, 0x12B, 8, {0x00, 0x00, 0x00, 0xAA, 0x10, 0x00, 0x00, 0x00}},
  {2569, 0x301, 8, {0x00, 0x00, 0x00, 0x85, 0x00, 0x00, 0x00, 0xB6}},
  {2569, 0x302, 8, {0x8B, 0xA5, 0x00, 0x00, 0x8B, 0xCA, 0x5B, 0x32}},
  {2569, 0x304, 8, {0x08, 0x00, 0x00, 0x00, 0x80, 0x00, 0x00, 0x00}},
  {2569, 0x30C, 2, {0x05, 0x0D, 0x00, 0x00, 0x00, 0x00, 0x00, 0x00}},
  {2570, 0x310, 8, {0x00, 0x00, 0x00, 0x00, 0x00, 0x00, 0x00, 0x00}},
  {2570, 0x311, 8, {0x00, 0x00, 0x00, 0x00, 0x01, 0x70, 0x00, 0x00}},
  {2570, 0x312, 8, {0x40, 0x00, 0xBF, 0xFD, 0xFF, 0xFF, 0x40, 0x00}},
  {2570, 0x313, 8, {0x00, 0x00, 0xBF, 0xFD, 0xFF, 0xFF, 0x00, 0x00}},
  {2571, 0x314, 5, {0xB5, 0x00, 0x00, 0x1C, 0x48, 0x00, 0x00, 0x00}},
  {2571, 0x540, 8, {0x15, 0x00, 0x80, 0x01, 0x7D, 0x76, 0x00, 0x00}},
  {2571, 0x542, 8, {0x80, 0x00, 0x80, 0x00, 0x86, 0xCE, 0x80, 0x00}},
  {2573, 0x12B, 8, {0x00, 0x00, 0x00, 0xAF, 0x10, 0x00, 0x00, 0x00}},
  {2579, 0x301, 8, {0x00, 0x00, 0x00, 0x85, 0x00, 0x00, 0x00, 0xB6}},
  {2579, 0x303, 8, {0x00, 0x7B, 0x80, 0x80, 0xFF, 0x00, 0x80, 0x80}},
  {2579, 0x304, 8, {0x08, 0x00, 0x00, 0x00, 0x80, 0x00, 0x00, 0x00}},
  {2579, 0x302, 8, {0x8B, 0xA5, 0x00, 0x00, 0x8B, 0xCA, 0x5B, 0x32}},
  {2580, 0x310, 8, {0x00, 0x00, 0x00, 0x00, 0x00, 0x00, 0x00, 0x00}},
  {2580, 0x311, 8, {0x00, 0x00, 0x00, 0x00, 0x01, 0x70, 0x00, 0x00}},
  {2580, 0x312, 8, {0x40, 0x00, 0xBF, 0xFD, 0xFF, 0xFF, 0x40, 0x00}},
  {2580, 0x313, 8, {0x00, 0x00, 0xBF, 0xFD, 0xFF, 0xFF, 0x00, 0x00}},
  {2581, 0x540, 8, {0x15, 0x00, 0x80, 0x01, 0x7D, 0x76, 0x00, 0x00}},
  {2581, 0x542, 8, {0x80, 0x00, 0x80, 0x00, 0x86, 0xCE, 0x80, 0x00}},
  {2582, 0x12B, 8, {0x00, 0x00, 0x00, 0xA7, 0x10, 0x00, 0x00, 0x00}},
  {2589, 0x301, 8, {0x00, 0x00, 0x00, 0x85, 0x00, 0x00, 0x00, 0xB6}},
  {2589, 0x302, 8, {0x8B, 0xA5, 0x00, 0x00, 0x8B, 0xCA, 0x5B, 0x32}},
  {2589, 0x304, 8, {0x08, 0x00, 0x00, 0x00, 0x80, 0x00, 0x00, 0x00}},
  {2590, 0x310, 8, {0x00, 0x00, 0x00, 0x00, 0x00, 0x00, 0x00, 0x00}},
  {2590, 0x311, 8, {0x00, 0x00, 0x00, 0x00, 0x01, 0x70, 0x00, 0x00}},
  {2590, 0x312, 8, {0x40, 0x00, 0xBF, 0xFD, 0xFF, 0xFF, 0x40, 0x00}},
  {2590, 0x30C, 2, {0x05, 0x09, 0x00, 0x00, 0x00, 0x00, 0x00, 0x00}},
  {2590, 0x313, 8, {0x00, 0x00, 0xBF, 0xFD, 0xFF, 0xFF, 0x00, 0x00}},
  {2591, 0x315, 8, {0x00, 0x00, 0x00, 0x00, 0x00, 0x00, 0x00, 0x00}},
  {2591, 0x316, 8, {0x00, 0x03, 0x69, 0x00, 0x00, 0x00, 0x00, 0x00}},
  {2591, 0x317, 8, {0x0E, 0x15, 0x1A, 0x00, 0x00, 0x00, 0x00, 0x00}},
  {2591, 0x318, 8, {0x00, 0x00, 0x00, 0xFA, 0xB1, 0x02, 0x7E, 0x00}},
  {2592, 0x314, 5, {0xB5, 0x00, 0x00, 0x1C, 0x48, 0x00, 0x00, 0x00}},
  {2592, 0x540, 8, {0x15, 0x00, 0x80, 0x00, 0x7D, 0x76, 0x00, 0x00}},
  {2592, 0x12B, 8, {0x00, 0x00, 0x00, 0xA7, 0x10, 0x00, 0x00, 0x00}},
  {2592, 0x542, 8, {0x80, 0x00, 0x80, 0x00, 0x86, 0xCE, 0x80, 0x00}},
  {2599, 0x301, 8, {0x00, 0x00, 0x00, 0x85, 0x00, 0x00, 0x00, 0xB6}},
  {2599, 0x303, 8, {0x00, 0x7B, 0x80, 0x80, 0xFF, 0x00, 0x80, 0x80}},
  {2599, 0x304, 8, {0x08, 0x00, 0x00, 0x00, 0x80, 0x00, 0x00, 0x00}},
  {2599, 0x302, 8, {0x8B, 0xA5, 0x00, 0x00, 0x8B, 0xCA, 0x5B, 0x32}},
  {2600, 0x310, 8, {0x00, 0x00, 0x00, 0x00, 0x00, 0x00, 0x00, 0x00}},
  {2600, 0x311, 8, {0x00, 0x00, 0x00, 0x00, 0x01, 0x70, 0x00, 0x00}},
  {2600, 0x312, 8, {0x40, 0x00, 0xBF, 0xFD, 0xFF, 0xFF, 0x40, 0x00}},
  {2600, 0x313, 8, {0x00, 0x00, 0xBF, 0xFD, 0xFF, 0xFF, 0x00, 0x00}},
  {2601, 0x540, 8, {0x15, 0x00, 0x80, 0x00, 0x7D, 0x76, 0x00, 0x00}},
  {2601, 0x542, 8, {0x80, 0x00, 0x80, 0x00, 0x86, 0xCE, 0x80, 0x00}},
  {2658, 0x12B, 8, {0x00, 0x00, 0x00, 0xAB, 0x10, 0x00, 0x00, 0x00}},
  {2659, 0x301, 8, {0x00, 0x00, 0x00, 0x85, 0x00, 0x00, 0x00, 0xB6}},
  {2659, 0x301, 8, {0x00, 0x00, 0x00, 0x85, 0x00, 0x00, 0x00, 0xB6}},
  {2659, 0x303, 8, {0x00, 0x7B, 0x80, 0x80, 0xFF, 0x00, 0x80, 0x80}},
  {2659, 0x304, 8, {0x08, 0x00, 0x00, 0x00, 0x80, 0x00, 0x00, 0x00}},
  {2660, 0x30C, 2, {0x04, 0xF9, 0x00, 0x00, 0x00, 0x00, 0x00, 0x00}},
  {2660, 0x310, 8, {0x00, 0x00, 0x00, 0x00, 0x00, 0x00, 0x00, 0x00}},
  {2660, 0x311, 8, {0x00, 0x00, 0x00, 0x00, 0x01, 0x70, 0x00, 0x00}},
  {2660, 0x312, 8, {0x40, 0x00, 0xBF, 0xFD, 0xFF, 0xFF, 0x40, 0x00}},
  {2660, 0x313, 8, {0x00, 0x00, 0xBF, 0xFD, 0xFF, 0xFF, 0x00, 0x00}},
  {2661, 0x540, 8, {0x15, 0x00, 0x80, 0x00, 0x7D, 0x76, 0x00, 0x00}},
  {2661, 0x542, 8, {0x80, 0x00, 0x80, 0x00, 0x86, 0xCE, 0x80, 0x00}},
  {2664, 0x12B, 8, {0x00, 0x00, 0x00, 0xA7, 0x10, 0x00, 0x00, 0x00}},
  {2669, 0x301, 8, {0x00, 0x00, 0x00, 0x85, 0x00, 0x00, 0x00, 0xB6}},
  {2669, 0x302, 8, {0x8B, 0xA5, 0x00, 0x00, 0x8B, 0xCA, 0x5B, 0x32}},
  {2669, 0x304, 8, {0x08, 0x00, 0x00, 0x00, 0x80, 0x00, 0x00, 0x00}},
  {2669, 0x30C, 2, {0x04, 0xF6, 0x00, 0x00, 0x00, 0x00, 0x00, 0x00}},
  {2670, 0x310, 8, {0x00, 0x00, 0x00, 0x00, 0x00, 0x00, 0x00, 0x00}},
  {2670, 0x311, 8, {0x00, 0x00, 0x00, 0x00, 0x01, 0x70, 0x00, 0x00}},
  {2670, 0x312, 8, {0x40, 0x00, 0xBF, 0xFD, 0xFF, 0xFF, 0x40, 0x00}},
  {2670, 0x313, 8, {0x00, 0x00, 0xBF, 0xFD, 0xFF, 0xFF, 0x00, 0x00}},
  {2671, 0x314, 5, {0xB5, 0x00, 0x00, 0x1C, 0x48, 0x00, 0x00, 0x00}},
  {2671, 0x540, 8, {0x15, 0x00, 0x80, 0x00, 0x7D, 0x76, 0x00, 0x00}},
  {2671, 0x542, 8, {0x80, 0x00, 0x80, 0x00, 0x86, 0xCE, 0x80, 0x00}},
  {2673, 0x12B, 8, {0x00, 0x00, 0x00, 0xA0, 0x10, 0x00, 0x00, 0x00}},
  {2679, 0x301, 8, {0x00, 0x00, 0x00, 0x85, 0x00, 0x00, 0x00, 0xB6}},
  {2679, 0x303, 8, {0x00, 0x7B, 0x80, 0x80, 0xFF, 0x00, 0x80, 0x80}},
  {2679, 0x304, 8, {0x08, 0x00, 0x00, 0x00, 0x80, 0x00, 0x00, 0x00}},
  {2679, 0x302, 8, {0x8B, 0xA5, 0x00, 0x00, 0x8B, 0xCA, 0x5B, 0x32}},
  {2680, 0x310, 8, {0x00, 0x00, 0x00, 0x00, 0x00, 0x00, 0x00, 0x00}},
  {2680, 0x311, 8, {0x00, 0x00, 0x00, 0x00, 0x01, 0x70, 0x00, 0x00}},
  {2680, 0x312, 8, {0x40, 0x00, 0xBF, 0xFD, 0xFF, 0xFF, 0x40, 0x00}},
  {2680, 0x313, 8, {0x00, 0x00, 0xBF, 0xFD, 0xFF, 0xFF, 0x00, 0x00}},
  {2681, 0x540, 8, {0x15, 0x00, 0x80, 0x00, 0x7D, 0x76, 0x00, 0x00}},
  {2681, 0x542, 8, {0x80, 0x00, 0x80, 0x00, 0x86, 0xCE, 0x80, 0x00}},
  {2682, 0x12B, 8, {0x00, 0x00, 0x00, 0xA0, 0x10, 0x00, 0x00, 0x00}},
  {2689, 0x301, 8, {0x00, 0x00, 0x00, 0x85, 0x00, 0x00, 0x00, 0xB6}},
  {2689, 0x303, 8, {0x00, 0x7B, 0x80, 0x80, 0xFF, 0x00, 0x80, 0x80}},
  {2689, 0x304, 8, {0x08, 0x00, 0x00, 0x00, 0x80, 0x00, 0x00, 0x00}},
  {2689, 0x302, 8, {0x8B, 0xA5, 0x00, 0x00, 0x8B, 0xCA, 0x5B, 0x32}},
  {2690, 0x310, 8, {0x00, 0x00, 0x00, 0x00, 0x00, 0x00, 0x00, 0x00}},
  {2690, 0x311, 8, {0x00, 0x00, 0x00, 0x00, 0x01, 0x70, 0x00, 0x00}},
  {2690, 0x312, 8, {0x40, 0x00, 0xBF, 0xFD, 0xFF, 0xFF, 0x40, 0x00}},
  {2690, 0x313, 8, {0x00, 0x00, 0xBF, 0xFD, 0xFF, 0xFF, 0x00, 0x00}},
  {2691, 0x314, 5, {0xB5, 0x00, 0x00, 0x1C, 0x48, 0x00, 0x00, 0x00}},
  {2691, 0x315, 8, {0x00, 0x00, 0x00, 0x00, 0x00, 0x00, 0x00, 0x00}},
  {2691, 0x316, 8, {0x00, 0x03, 0x69, 0x00, 0x00, 0x00, 0x00, 0x00}},
  {2691, 0x540, 8, {0x15, 0x00, 0x80, 0x00, 0x7D, 0x76, 0x00, 0x00}},
  {2692, 0x542, 8, {0x80, 0x00, 0x80, 0x00, 0x86, 0xCE, 0x80, 0x00}},
  {2692, 0x12B, 8, {0x00, 0x00, 0x00, 0xA4, 0x10, 0x00, 0x00, 0x00}},
  {2699, 0x301, 8, {0x00, 0x00, 0x00, 0x85, 0x00, 0x00, 0x00, 0xB6}},
  {2699, 0x303, 8, {0x00, 0x7B, 0x80, 0x80, 0xFF, 0x00, 0x80, 0x80}},
  {2699, 0x304, 8, {0x08, 0x00, 0x00, 0x00, 0x80, 0x00, 0x00, 0x00}},
  {2699, 0x302, 8, {0x8B, 0xA5, 0x00, 0x00, 0x8B, 0xCA, 0x5B, 0x32}},
  {2700, 0x310, 8, {0x00, 0x00, 0x00, 0x00, 0x00, 0x00, 0x00, 0x00}},
  {2700, 0x311, 8, {0x00, 0x00, 0x00, 0x00, 0x01, 0x70, 0x00, 0x00}},
  {2700, 0x312, 8, {0x40, 0x00, 0xBF, 0xFD, 0xFF, 0xFF, 0x40, 0x00}},
  {2732, 0x540, 8, {0x15, 0x00, 0x80, 0x00, 0x7D, 0x76, 0x00, 0x00}},
  {2732, 0x12B, 8, {0x00, 0x00, 0x00, 0x9B, 0x10, 0x00, 0x00, 0x00}},
  {2732, 0x313, 8, {0x00, 0x00, 0xBF, 0xFD, 0xFF, 0xFF, 0x00, 0x00}},
  {2739, 0x301, 8, {0x00, 0x00, 0x00, 0x85, 0x00, 0x00, 0x00, 0xB6}},
  {2739, 0x303, 8, {0x00, 0x7B, 0x80, 0x80, 0xFF, 0x00, 0x80, 0x80}},
  {2739, 0x30C, 2, {0x04, 0xDE, 0x00, 0x00, 0x00, 0x00, 0x00, 0x00}},
  {2740, 0x302, 8, {0x8B, 0xA5, 0x00, 0x00, 0x8B, 0xCA, 0x5B, 0x32}},
  {2740, 0x310, 8, {0x00, 0x00, 0x00, 0x00, 0x00, 0x00, 0x00, 0x00}},
  {2740, 0x311, 8, {0x00, 0x00, 0x00, 0x00, 0x01, 0x70, 0x00, 0x00}},
  {2740, 0x312, 8, {0x40, 0x00, 0xBF, 0xFD, 0xFF, 0xFF, 0x40, 0x00}},
  {2740, 0x313, 8, {0x00, 0x00, 0xBF, 0xFD, 0xFF, 0xFF, 0x00, 0x00}},
  {2741, 0x315, 8, {0x00, 0x00, 0x00, 0x00, 0x00, 0x00, 0x00, 0x00}},
  {2741, 0x540, 8, {0x15, 0x00, 0x80, 0x00, 0x7D, 0x76, 0x00, 0x00}},
  {2741, 0x542, 8, {0x80, 0x00, 0x80, 0x00, 0x86, 0xCE, 0x80, 0x00}},
  {2743, 0x12B, 8, {0x00, 0x00, 0x00, 0x99, 0x10, 0x00, 0x00, 0x00}},
  {2749, 0x301, 8, {0x00, 0x00, 0x00, 0x85, 0x00, 0x00, 0x00, 0xB6}},
  {2749, 0x303, 8, {0x00, 0x7B, 0x80, 0x80, 0xFF, 0x00, 0x80, 0x80}},
  {2749, 0x304, 8, {0x08, 0x00, 0x00, 0x00, 0x80, 0x00, 0x00, 0x00}},
  {2749, 0x302, 8, {0x8B, 0xA5, 0x00, 0x00, 0x8B, 0xCA, 0x5B, 0x32}},
  {2750, 0x310, 8, {0x00, 0x00, 0x00, 0x00, 0x00, 0x00, 0x00, 0x00}},
  {2750, 0x311, 8, {0x00, 0x00, 0x00, 0x00, 0x01, 0x70, 0x00, 0x00}},
  {2750, 0x312, 8, {0x40, 0x00, 0xBF, 0xFD, 0xFF, 0xFF, 0x40, 0x00}},
  {2750, 0x313, 8, {0x00, 0x00, 0xBF, 0xFD, 0xFF, 0xFF, 0x00, 0x00}},
  {2751, 0x314, 5, {0xB5, 0x00, 0x00, 0x1C, 0x48, 0x00, 0x00, 0x00}},
  {2751, 0x540, 8, {0x15, 0x00, 0x80, 0x00, 0x7D, 0x76, 0x00, 0x00}},
  {2751, 0x542, 8, {0x80, 0x00, 0x80, 0x00, 0x86, 0xCE, 0x80, 0x00}},
  {2753, 0x12B, 8, {0x00, 0x00, 0x00, 0xA3, 0x10, 0x00, 0x00, 0x00}},
  {2758, 0x448, 8, {0x08, 0x34, 0x94, 0x00, 0x03, 0xD6, 0x09, 0x3E}},
  {2759, 0x301, 8, {0x00, 0x00, 0x00, 0x85, 0x00, 0x00, 0x00, 0xB6}},
  {2759, 0x303, 8, {0x00, 0x7B, 0x80, 0x80, 0xFF, 0x00, 0x80, 0x80}},
  {2759, 0x304, 8, {0x08, 0x00, 0x00, 0x00, 0x80, 0x00, 0x00, 0x00}},
  {2759, 0x302, 8, {0x8B, 0xA5, 0x00, 0x00, 0x8B, 0xCA, 0x5B, 0x32}},
  {2760, 0x310, 8, {0x00, 0x00, 0x00, 0x00, 0x00, 0x00, 0x00, 0x00}},
  {2760, 0x311, 8, {0x00, 0x00, 0x00, 0x00, 0x01, 0x70, 0x00, 0x00}},
  {2760, 0x312, 8, {0x40, 0x00, 0xBF, 0xFD, 0xFF, 0xFF, 0x40, 0x00}},
  {2760, 0x313, 8, {0x00, 0x00, 0xBF, 0xFD, 0xFF, 0xFF, 0x00, 0x00}},
  {2761, 0x540, 8, {0x15, 0x00, 0x80, 0x00, 0x7D, 0x76, 0x00, 0x00}},
  {2761, 0x542, 8, {0x80, 0x00, 0x80, 0x00, 0x86, 0xCE, 0x80, 0x00}},
  {2762, 0x12B, 8, {0x00, 0x00, 0x00, 0x9E, 0x10, 0x00, 0x00, 0x00}},
  {2769, 0x301, 8, {0x00, 0x00, 0x00, 0x85, 0x00, 0x00, 0x00, 0xB6}},
  {2769, 0x302, 8, {0x8B, 0xA5, 0x00, 0x00, 0x8B, 0xCA, 0x5B, 0x32}},
  {2769, 0x304, 8, {0x08, 0x00, 0x00, 0x00, 0x80, 0x00, 0x00, 0x00}},
  {2769, 0x30C, 2, {0x04, 0xD3, 0x00, 0x00, 0x00, 0x00, 0x00, 0x00}},
  {2770, 0x310, 8, {0x00, 0x00, 0x00, 0x00, 0x00, 0x00, 0x00, 0x00}},
  {2770, 0x311, 8, {0x00, 0x00, 0x00, 0x00, 0x01, 0x70, 0x00, 0x00}},
  {2770, 0x312, 8, {0x40, 0x00, 0xBF, 0xFD, 0xFF, 0xFF, 0x40, 0x00}},
  {2770, 0x313, 8, {0x00, 0x00, 0xBF, 0xFD, 0xFF, 0xFF, 0x00, 0x00}},
  {2771, 0x314, 5, {0xB5, 0x00, 0x00, 0x1C, 0x48, 0x00, 0x00, 0x00}},
  {2771, 0x540, 8, {0x15, 0x00, 0x80, 0x00, 0x7D, 0x76, 0x00, 0x00}},
  {2771, 0x542, 8, {0x80, 0x00, 0x80, 0x00, 0x86, 0xCE, 0x80, 0x00}},
  {2773, 0x12B, 8, {0x00, 0x00, 0x00, 0x95, 0x10, 0x00, 0x00, 0x00}},
  {2779, 0x301, 8, {0x00, 0x00, 0x00, 0x85, 0x00, 0x00, 0x00, 0xB6}},
  {2779, 0x303, 8, {0x00, 0x7B, 0x80, 0x80, 0xFF, 0x00, 0x80, 0x80}},
  {2779, 0x304, 8, {0x08, 0x00, 0x00, 0x00, 0x80, 0x00, 0x00, 0x00}},
  {2779, 0x302, 8, {0x8B, 0xA5, 0x00, 0x00, 0x8B, 0xCA, 0x5B, 0x32}},
  {2780, 0x310, 8, {0x00, 0x00, 0x00, 0x00, 0x00, 0x00, 0x00, 0x00}},
  {2780, 0x311, 8, {0x00, 0x00, 0x00, 0x00, 0x01, 0x70, 0x00, 0x00}},
  {2845, 0x312, 8, {0x40, 0x00, 0xBF, 0xFD, 0xFF, 0xFF, 0x40, 0x00}},
  {2845, 0x313, 8, {0x00, 0x00, 0xBF, 0xFD, 0xFF, 0xFF, 0x00, 0x00}},
  {2849, 0x301, 8, {0x00, 0x00, 0x00, 0x85, 0x00, 0x00, 0x00, 0xB6}},
  {2849, 0x303, 8, {0x00, 0x79, 0x80, 0x80, 0xFF, 0x00, 0x80, 0x80}},
  {2849, 0x302, 8, {0x8B, 0xA5, 0x00, 0x00, 0x8B, 0xCA, 0x5B, 0x32}},
  {2850, 0x30C, 2, {0x04, 0xB7, 0x00, 0x00, 0x00, 0x00, 0x00, 0x00}},
  {2850, 0x310, 8, {0x00, 0x00, 0x00, 0x00, 0x00, 0x00, 0x00, 0x00}},
  {2850, 0x311, 8, {0x00, 0x00, 0x00, 0x00, 0x01, 0x70, 0x00, 0x00}},
  {2850, 0x312, 8, {0x40, 0x00, 0xBF, 0xFD, 0xFF, 0xFF, 0x40, 0x00}},
  {2850, 0x313, 8, {0x00, 0x00, 0xBF, 0xFD, 0xFF, 0xFF, 0x00, 0x00}},
  {2851, 0x314, 5, {0xB5, 0x00, 0x00, 0x1C, 0x48, 0x00, 0x00, 0x00}},
  {2851, 0x540, 8, {0x15, 0x00, 0x80, 0x00, 0x7D, 0x76, 0x00, 0x00}},
  {2851, 0x542, 8, {0x80, 0x00, 0x80, 0x00, 0x86, 0xCE, 0x80, 0x00}},
  {2853, 0x12B, 8, {0x00, 0x00, 0x00, 0x99, 0x10, 0x00, 0x00, 0x00}},
  {2859, 0x301, 8, {0x00, 0x00, 0x00, 0x85, 0x00, 0x00, 0x00, 0xB6}},
  {2859, 0x303, 8, {0x00, 0x7B, 0x80, 0x80, 0xFF, 0x00, 0x80, 0x80}},
  {2859, 0x304, 8, {0x08, 0x00, 0x00, 0x00, 0x80, 0x00, 0x00, 0x00}},
  {2859, 0x302, 8, {0x8B, 0xA5, 0x00, 0x00, 0x8B, 0xCA, 0x5B, 0x32}},
  {2860, 0x310, 8, {0x00, 0x00, 0x00, 0x00, 0x00, 0x00, 0x00, 0x00}},
  {2860, 0x311, 8, {0x00, 0x00, 0x00, 0x00, 0x01, 0x70, 0x00, 0x00}},
  {2860, 0x312, 8, {0x40, 0x00, 0xBF, 0xFD, 0xFF, 0xFF, 0x40, 0x00}},
  {2860, 0x313, 8, {0x00, 0x00, 0xBF, 0xFD, 0xFF, 0xFF, 0x00, 0x00}},
  {2861, 0x540, 8, {0x15, 0x00, 0x80, 0x00, 0x7D, 0x76, 0x00, 0x00}},
  {2861, 0x542, 8, {0x80, 0x00, 0x80, 0x00, 0x86, 0xCE, 0x80, 0x00}},
  {2862, 0x12B, 8, {0x00, 0x00, 0x00, 0x91, 0x10, 0x00, 0x00, 0x00}},
  {2869, 0x301, 8, {0x00, 0x00, 0x00, 0x85, 0x00, 0x00, 0x00, 0xB6}},
  {2869, 0x302, 8, {0x8B, 0xA5, 0x00, 0x00, 0x8B, 0xCA, 0x5B, 0x32}},
  {2869, 0x304, 8, {0x08, 0x00, 0x00, 0x00, 0x80, 0x00, 0x00, 0x00}},
  {2869, 0x30C, 2, {0x04, 0xAD, 0x00, 0x00, 0x00, 0x00, 0x00, 0x00}},
  {2870, 0x310, 8, {0x00, 0x00, 0x00, 0x00, 0x00, 0x00, 0x00, 0x00}},
  {2870, 0x311, 8, {0x00, 0x00, 0x00, 0x00, 0x01, 0x70, 0x00, 0x00}},
  {2870, 0x312, 8, {0x40, 0x00, 0xBF, 0xFD, 0xFF, 0xFF, 0x40, 0x00}},
  {2870, 0x313, 8, {0x00, 0x00, 0xBF, 0xFD, 0xFF, 0xFF, 0x00, 0x00}},
  {2871, 0x314, 5, {0xB5, 0x00, 0x00, 0x1C, 0x48, 0x00, 0x00, 0x00}},
  {2871, 0x540, 8, {0x15, 0x00, 0x80, 0x00, 0x7D, 0x76, 0x00, 0x00}},
  {2871, 0x542, 8, {0x80, 0x00, 0x80, 0x00, 0x86, 0xCE, 0x80, 0x00}},
  {2873, 0x12B, 8, {0x00, 0x00, 0x00, 0x8F, 0x10, 0x00, 0x00, 0x00}},
  {2879, 0x301, 8, {0x00, 0x00, 0x00, 0x85, 0x00, 0x00, 0x00, 0xB6}},
  {2879, 0x303, 8, {0x00, 0x7B, 0x80, 0x80, 0xFF, 0x00, 0x80, 0x80}},
  {2879, 0x304, 8, {0x08, 0x00, 0x00, 0x00, 0x80, 0x00, 0x00, 0x00}},
  {2879, 0x302, 8, {0x8B, 0xA5, 0x00, 0x00, 0x8B, 0xCA, 0x5B, 0x32}},
  {2880, 0x310, 8, {0x00, 0x00, 0x00, 0x00, 0x00, 0x00, 0x00, 0x00}},
  {2880, 0x311, 8, {0x00, 0x00, 0x00, 0x00, 0x01, 0x70, 0x00, 0x00}},
  {2880, 0x312, 8, {0x40, 0x00, 0xBF, 0xFD, 0xFF, 0xFF, 0x40, 0x00}},
  {2880, 0x313, 8, {0x00, 0x00, 0xBF, 0xFD, 0xFF, 0xFF, 0x00, 0x00}},
  {2881, 0x540, 8, {0x15, 0x00, 0x80, 0x00, 0x7D, 0x76, 0x00, 0x00}},
  {2881, 0x542, 8, {0x80, 0x00, 0x80, 0x00, 0x86, 0xCE, 0x80, 0x00}},
  {2882, 0x12B, 8, {0x00, 0x00, 0x00, 0x94, 0x10, 0x00, 0x00, 0x00}},
  {2889, 0x301, 8, {0x00, 0x00, 0x00, 0x85, 0x00, 0x00, 0x00, 0xB6}},
  {2889, 0x303, 8, {0x00, 0x7B, 0x80, 0x80, 0xFF, 0x00, 0x80, 0x80}},
  {2889, 0x304, 8, {0x08, 0x00, 0x00, 0x00, 0x80, 0x00, 0x00, 0x00}},
  {2889, 0x302, 8, {0x8B, 0xA5, 0x00, 0x00, 0x8B, 0xCA, 0x5B, 0x32}},
  {2890, 0x310, 8, {0x00, 0x00, 0x00, 0x00, 0x00, 0x00, 0x00, 0x00}},
  {2890, 0x311, 8, {0x00, 0x00, 0x00, 0x00, 0x01, 0x70, 0x00, 0x00}},
  {2890, 0x312, 8, {0x40, 0x00, 0xBF, 0xFD, 0xFF, 0xFF, 0x40, 0x00}},
  {2890, 0x313, 8, {0x00, 0x00, 0xBF, 0xFD, 0xFF, 0xFF, 0x00, 0x00}},
  {2891, 0x314, 5, {0xB5, 0x00, 0x00, 0x1C, 0x48, 0x00, 0x00, 0x00}},
  {2952, 0x316, 8, {0x00, 0x03, 0x69, 0x00, 0x00, 0x00, 0x00, 0x00}},
  {2953, 0x315, 8, {0x00, 0x00, 0x00, 0x00, 0x00, 0x00, 0x00, 0x00}},
  {2959, 0x301, 8, {0x00, 0x00, 0x00, 0x85, 0x00, 0x00, 0x00, 0xB6}},
  {2959, 0x303, 8, {0x00, 0x7B, 0x80, 0x80, 0xFF, 0x00, 0x80, 0x80}},
  {2959, 0x302, 8, {0x8B, 0xA5, 0x00, 0x00, 0x8B, 0xCA, 0x5B, 0x32}},
  {2960, 0x30C, 2, {0x04, 0x8A, 0x00, 0x00, 0x00, 0x00, 0x00, 0x00}},
  {2960, 0x310, 8, {0x00, 0x00, 0x00, 0x00, 0x00, 0x00, 0x00, 0x00}},
  {2960, 0x311, 8, {0x00, 0x00, 0x00, 0x00, 0x01, 0x70, 0x00, 0x00}},
  {2960, 0x312, 8, {0x40, 0x00, 0xBF, 0xFD, 0xFF, 0xFF, 0x40, 0x00}},
  {2960, 0x313, 8, {0x00, 0x00, 0xBF, 0xFD, 0xFF, 0xFF, 0x00, 0x00}},
  {2961, 0x540, 8, {0x15, 0x00, 0x80, 0x00, 0x7D, 0x76, 0x00, 0x00}},
  {2961, 0x542, 8, {0x80, 0x00, 0x80, 0x00, 0x86, 0xCE, 0x80, 0x00}},
  {2963, 0x12B, 8, {0x00, 0x00, 0x00, 0xAB, 0x10, 0x00, 0x00, 0x00}},
  {2969, 0x301, 8, {0x00, 0x00, 0x00, 0x85, 0x00, 0x00, 0x00, 0xB6}},
  {2969, 0x302, 8, {0x8B, 0xA5, 0x00, 0x00, 0x8B, 0xCA, 0x5B, 0x32}},
  {2969, 0x304, 8, {0x08, 0x00, 0x00, 0x00, 0x80, 0x00, 0x00, 0x00}},
  {2970, 0x310, 8, {0x00, 0x00, 0x00, 0x00, 0x00, 0x00, 0x00, 0x00}},
  {2970, 0x311, 8, {0x00, 0x00, 0x00, 0x00, 0x01, 0x70, 0x00, 0x00}},
  {2970, 0x312, 8, {0x40, 0x00, 0xBF, 0xFD, 0xFF, 0xFF, 0x40, 0x00}},
  {2970, 0x313, 8, {0x00, 0x00, 0xBF, 0xFD, 0xFF, 0xFF, 0x00, 0x00}},
  {2971, 0x314, 5, {0xB5, 0x00, 0x00, 0x1C, 0x48, 0x00, 0x00, 0x00}},
  {2971, 0x540, 8, {0x15, 0x00, 0x80, 0x00, 0x7D, 0x76, 0x00, 0x00}},
  {2971, 0x542, 8, {0x80, 0x00, 0x80, 0x00, 0x86, 0xCE, 0x80, 0x00}},
  {2971, 0x30C, 2, {0x04, 0x8B, 0x00, 0x00, 0x00, 0x00, 0x00, 0x00}},
  {2973, 0x12B, 8, {0x00, 0x00, 0x00, 0xB5, 0x10, 0x00, 0x00, 0x00}},
  {2979, 0x301, 8, {0x00, 0x00, 0x00, 0x85, 0x00, 0x00, 0x00, 0xB6}},
  {2979, 0x303, 8, {0x00, 0x7B, 0x80, 0x80, 0xFF, 0x00, 0x80, 0x80}},
  {2979, 0x304, 8, {0x08, 0x00, 0x00, 0x00, 0x80, 0x00, 0x00, 0x00}},
  {2979, 0x302, 8, {0x8B, 0xA5, 0x00, 0x00, 0x8B, 0xCA, 0x5B, 0x32}},
  {2980, 0x310, 8, {0x00, 0x00, 0x00, 0x00, 0x00, 0x00, 0x00, 0x00}},
  {2980, 0x311, 8, {0x00, 0x00, 0x00, 0x00, 0x01, 0x70, 0x00, 0x00}},
  {2980, 0x312, 8, {0x40, 0x00, 0xBF, 0xFD, 0xFF, 0xFF, 0x40, 0x00}},
  {2980, 0x313, 8, {0x00, 0x00, 0xBF, 0xFD, 0xFF, 0xFF, 0x00, 0x00}},
  {2981, 0x540, 8, {0x15, 0x00, 0x80, 0x00, 0x7D, 0x76, 0x00, 0x00}},
  {2981, 0x542, 8, {0x80, 0x00, 0x80, 0x00, 0x86, 0xCE, 0x80, 0x00}},
  {2982, 0x12B, 8, {0x00, 0x00, 0x00, 0xB6, 0x10, 0x00, 0x00, 0x00}},
  {2989, 0x301, 8, {0x00, 0x00, 0x00, 0x85, 0x00, 0x00, 0x00, 0xB6}},
  {2989, 0x302, 8, {0x8B, 0xA5, 0x00, 0x00, 0x8B, 0xCA, 0x5B, 0x32}},
  {2989, 0x304, 8, {0x08, 0x00, 0x00, 0x00, 0x80, 0x00, 0x00, 0x00}},
  {2990, 0x310, 8, {0x00, 0x00, 0x00, 0x00, 0x00, 0x00, 0x00, 0x00}},
  {2990, 0x311, 8, {0x00, 0x00, 0x00, 0x00, 0x01, 0x70, 0x00, 0x00}},
  {2990, 0x312, 8, {0x40, 0x00, 0xBF, 0xFD, 0xFF, 0xFF, 0x40, 0x00}},
  {2990, 0x313, 8, {0x00, 0x00, 0xBF, 0xFD, 0xFF, 0xFF, 0x00, 0x00}},
  {2991, 0x314, 5, {0xB5, 0x00, 0x00, 0x1C, 0x48, 0x00, 0x00, 0x00}},
  {2991, 0x315, 8, {0x00, 0x00, 0x00, 0x00, 0x00, 0x00, 0x00, 0x00}},
  {2991, 0x316, 8, {0x00, 0x03, 0x69, 0x00, 0x00, 0x00, 0x00, 0x00}},
  {2991, 0x317, 8, {0x0E, 0x15, 0x1A, 0x00, 0x00, 0x00, 0x00, 0x00}},
  {2991, 0x318, 8, {0x00, 0x00, 0x00, 0xFA, 0xB1, 0x02, 0x7E, 0x00}},
  {2992, 0x12B, 8, {0x00, 0x00, 0x00, 0xBB, 0x10, 0x00, 0x00, 0x00}},
  {2992, 0x540, 8, {0x15, 0x00, 0x80, 0x00, 0x7D, 0x76, 0x00, 0x00}},
  {2992, 0x30C, 2, {0x04, 0x8F, 0x00, 0x00, 0x00, 0x00, 0x00, 0x00}},
  {2992, 0x542, 8, {0x80, 0x00, 0x80, 0x00, 0x86, 0xCE, 0x80, 0x00}},
  {2999, 0x301, 8, {0x00, 0x00, 0x00, 0x85, 0x00, 0x00, 0x00, 0xB6}},
  {2999, 0x303, 8, {0x00, 0x7B, 0x80, 0x80, 0xFF, 0x00, 0x80, 0x80}},
  {2999, 0x304, 8, {0x08, 0x00, 0x00, 0x00, 0x80, 0x00, 0x00, 0x00}},
  {2999, 0x302, 8, {0x8B, 0xA5, 0x00, 0x00, 0x8B, 0xCA, 0x5B, 0x32}},
  {3000, 0x310, 8, {0x00, 0x00, 0x00, 0x00, 0x00, 0x00, 0x00, 0x00}},
  {3000, 0x311, 8, {0x00, 0x00, 0x00, 0x00, 0x01, 0x70, 0x00, 0x00}},
};

static const BenchSequenceProfileDef BENCH_SEQUENCE_PROFILES[] = {
  {"seqidle", 1500, BENCH_SEQUENCE_IDLE_REAL, sizeof(BENCH_SEQUENCE_IDLE_REAL) / sizeof(BENCH_SEQUENCE_IDLE_REAL[0]), 3000},
  {"seqwheel", 1500, BENCH_SEQUENCE_WHEEL_FAST_REAL, sizeof(BENCH_SEQUENCE_WHEEL_FAST_REAL) / sizeof(BENCH_SEQUENCE_WHEEL_FAST_REAL[0]), 3000},
};
